PartitionKey,RowKey,Timestamp,Idle,Idle@type,TenantId,TenantId@type,Usable,Usable@type
acs:d4054f04-f7e6-43ac-8ddb-58a565c9bc1a_00000031-1b44-7bc9-5de5-6f8ded7c05c9,,2026-09-07T10:21:10.724768Z,true,Boolean,d4054f04-f7e6-43ac-8ddb-58a565c9bc1a,String,true,Boolean
acs:d4054f04-f7e6-43ac-8ddb-58a565c9bc1a_00000031-1b44-7d5f-5de5-6f8ded7c05ca,,2026-09-07T10:21:10.724768Z,true,Boolean,d4054f04-f7e6-43ac-8ddb-58a565c9bc1a,String,true,Boolean
acs:d4054f04-f7e6-43ac-8ddb-58a565c9bc1a_00000031-1b44-7ef9-5de5-6f8ded7c05cb,,2026-09-07T10:21:10.724768Z,true,Boolean,d4054f04-f7e6-43ac-8ddb-58a565c9bc1a,String,true,Boolean
acs:d4054f04-f7e6-43ac-8ddb-58a565c9bc1a_00000031-1b44-80f3-5de5-6f8ded7c05cc,,2026-09-07T10:21:10.724768Z,true,Boolean,d4054f04-f7e6-43ac-8ddb-58a565c9bc1a,String,true,Boolean
acs:d4054f04-f7e6-43ac-8ddb-58a565c9bc1a_00000031-1b44-8261-5de5-6f8ded7c05cd,,2026-09-07T10:21:10.724768Z,true,Boolean,d4054f04-f7e6-43ac-8ddb-58a565c9bc1a,String,true,Boolean
acs:d4054f04-f7e6-43ac-8ddb-58a565c9bc1a_00000031-1b44-83db-5de5-6f8ded7c05ce,,2026-09-07T10:21:10.724768Z,true,Boolean,d4054f04-f7e6-43ac-8ddb-58a565c9bc1a,String,true,Boolean
acs:d4054f04-f7e6-43ac-8ddb-58a565c9bc1a_00000031-1b44-8531-23e1-6f8ded7c0e36,,2026-09-07T10:21:10.724768Z,true,Boolean,d4054f04-f7e6-43ac-8ddb-58a565c9bc1a,String,true,Boolean
acs:d4054f04-f7e6-43ac-8ddb-58a565c9bc1a_00000031-1b44-866c-5de5-6f8ded7c05cf,,2026-09-07T10:21:10.724768Z,true,Boolean,d4054f04-f7e6-43ac-8ddb-58a565c9bc1a,String,true,Boolean
acs:d4054f04-f7e6-43ac-8ddb-58a565c9bc1a_00000031-1b44-87b5-23e1-6f8ded7c0e37,,2026-09-07T10:21:10.724768Z,true,Boolean,d4054f04-f7e6-43ac-8ddb-58a565c9bc1a,String,true,Boolean
acs:d4054f04-f7e6-43ac-8ddb-58a565c9bc1a_00000031-1b44-88f8-23e1-6f8ded7c0e38,,2026-09-07T10:21:10.724768Z,true,Boolean,d4054f04-f7e6-43ac-8ddb-58a565c9bc1a,String,true,Boolean
acs:d4054f04-f7e6-43ac-8ddb-58a565c9bc1a_00000031-1b44-8a37-23e1-6f8ded7c0e39,,2026-09-07T10:21:10.724768Z,true,Boolean,d4054f04-f7e6-43ac-8ddb-58a565c9bc1a,String,true,Boolean
acs:d4054f04-f7e6-43ac-8ddb-58a565c9bc1a_00000031-1b44-8b8f-5de5-6f8ded7c05d1,,2026-09-07T10:21:10.724768Z,true,Boolean,d4054f04-f7e6-43ac-8ddb-58a565c9bc1a,String,true,Boolean
acs:d4054f04-f7e6-43ac-8ddb-58a565c9bc1a_00000031-1b44-8cec-5de5-6f8ded7c05d2,,2026-09-07T10:21:10.724768Z,true,Boolean,d4054f04-f7e6-43ac-8ddb-58a565c9bc1a,String,true,Boolean
acs:d4054f04-f7e6-43ac-8ddb-58a565c9bc1a_00000031-1b44-8e49-23e1-6f8ded7c0e3a,,2026-09-07T10:21:10.724768Z,true,Boolean,d4054f04-f7e6-43ac-8ddb-58a565c9bc1a,String,true,Boolean
acs:d4054f04-f7e6-43ac-8ddb-58a565c9bc1a_00000031-1b44-8fba-23e1-6f8ded7c0e3b,,2026-09-07T10:21:10.724768Z,true,Boolean,d4054f04-f7e6-43ac-8ddb-58a565c9bc1a,String,true,Boolean
acs:d4054f04-f7e6-43ac-8ddb-58a565c9bc1a_00000031-1b44-9152-23e1-6f8ded7c0e3c,,2026-09-07T10:21:10.724768Z,true,Boolean,d4054f04-f7e6-43ac-8ddb-58a565c9bc1a,String,true,Boolean
acs:d4054f04-f7e6-43ac-8ddb-58a565c9bc1a_00000031-1b44-9293-23e1-6f8ded7c0e3d,,2026-09-07T10:21:10.724768Z,true,Boolean,d4054f04-f7e6-43ac-8ddb-58a565c9bc1a,String,true,Boolean
acs:d4054f04-f7e6-43ac-8ddb-58a565c9bc1a_00000031-1b44-93fe-23e1-6f8ded7c0e3e,,2026-09-07T10:21:10.724768Z,true,Boolean,d4054f04-f7e6-43ac-8ddb-58a565c9bc1a,String,true,Boolean
acs:d4054f04-f7e6-43ac-8ddb-58a565c9bc1a_00000031-1b44-953a-23e1-6f8ded7c0e3f,,2026-09-07T10:21:10.724768Z,true,Boolean,d4054f04-f7e6-43ac-8ddb-58a565c9bc1a,String,true,Boolean
acs:d4054f04-f7e6-43ac-8ddb-58a565c9bc1a_00000031-1b44-96a9-23e1-6f8ded7c0e40,,2026-09-07T10:21:10.724768Z,true,Boolean,d4054f04-f7e6-43ac-8ddb-58a565c9bc1a,String,true,Boolean
acs:d4054f04-f7e6-43ac-8ddb-58a565c9bc1a_00000031-1b44-982a-5de5-6f8ded7c05d3,,2026-09-07T10:21:10.724768Z,true,Boolean,d4054f04-f7e6-43ac-8ddb-58a565c9bc1a,String,true,Boolean
acs:d4054f04-f7e6-43ac-8ddb-58a565c9bc1a_00000031-1b44-9963-5de5-6f8ded7c05d4,,2026-09-07T10:21:10.724768Z,true,Boolean,d4054f04-f7e6-43ac-8ddb-58a565c9bc1a,String,true,Boolean
acs:d4054f04-f7e6-43ac-8ddb-58a565c9bc1a_00000031-1b44-9aa7-5de5-6f8ded7c05d5,,2026-09-07T10:21:10.724768Z,true,Boolean,d4054f04-f7e6-43ac-8ddb-58a565c9bc1a,String,true,Boolean
acs:d4054f04-f7e6-43ac-8ddb-58a565c9bc1a_00000031-1b44-9bf5-5de5-6f8ded7c05d6,,2026-09-07T10:21:10.724768Z,true,Boolean,d4054f04-f7e6-43ac-8ddb-58a565c9bc1a,String,true,Boolean
acs:d4054f04-f7e6-43ac-8ddb-58a565c9bc1a_00000031-1b44-9d39-5de5-6f8ded7c05d7,,2026-09-07T10:21:10.724768Z,true,Boolean,d4054f04-f7e6-43ac-8ddb-58a565c9bc1a,String,true,Boolean
acs:d4054f04-f7e6-43ac-8ddb-58a565c9bc1a_00000031-1b44-9e85-5de5-6f8ded7c05d8,,2026-09-07T10:21:10.724768Z,true,Boolean,d4054f04-f7e6-43ac-8ddb-58a565c9bc1a,String,true,Boolean
acs:d4054f04-f7e6-43ac-8ddb-58a565c9bc1a_00000031-1b44-a01e-5de5-6f8ded7c05d9,,2026-09-07T10:21:10.724768Z,true,Boolean,d4054f04-f7e6-43ac-8ddb-58a565c9bc1a,String,true,Boolean
acs:d4054f04-f7e6-43ac-8ddb-58a565c9bc1a_00000031-1b44-a16d-5de5-6f8ded7c05da,,2026-09-07T10:21:10.724768Z,true,Boolean,d4054f04-f7e6-43ac-8ddb-58a565c9bc1a,String,true,Boolean
acs:d4054f04-f7e6-43ac-8ddb-58a565c9bc1a_00000031-1b44-a2c9-23e1-6f8ded7c0e41,,2026-09-07T10:21:10.724768Z,true,Boolean,d4054f04-f7e6-43ac-8ddb-58a565c9bc1a,String,true,Boolean
acs:d4054f04-f7e6-43ac-8ddb-58a565c9bc1a_00000031-1b44-a427-23e1-6f8ded7c0e42,,2026-09-07T10:21:10.724768Z,true,Boolean,d4054f04-f7e6-43ac-8ddb-58a565c9bc1a,String,true,Boolean
acs:d4054f04-f7e6-43ac-8ddb-58a565c9bc1a_00000031-1b44-a5a7-5de5-6f8ded7c05db,,2026-09-07T10:21:10.724768Z,true,Boolean,d4054f04-f7e6-43ac-8ddb-58a565c9bc1a,String,true,Boolean
acs:d4054f04-f7e6-43ac-8ddb-58a565c9bc1a_00000031-1b44-a708-23e1-6f8ded7c0e44,,2026-09-07T10:21:10.724768Z,true,Boolean,d4054f04-f7e6-43ac-8ddb-58a565c9bc1a,String,true,Boolean
acs:d4054f04-f7e6-43ac-8ddb-58a565c9bc1a_00000031-1b44-a878-23e1-6f8ded7c0e45,,2026-09-07T10:21:10.724768Z,true,Boolean,d4054f04-f7e6-43ac-8ddb-58a565c9bc1a,String,true,Boolean
acs:d4054f04-f7e6-43ac-8ddb-58a565c9bc1a_00000031-1b44-a9db-23e1-6f8ded7c0e46,,2026-09-07T10:21:10.724768Z,true,Boolean,d4054f04-f7e6-43ac-8ddb-58a565c9bc1a,String,true,Boolean
acs:d4054f04-f7e6-43ac-8ddb-58a565c9bc1a_00000031-1b44-ab3e-5de5-6f8ded7c05dc,,2026-09-07T10:21:10.724768Z,true,Boolean,d4054f04-f7e6-43ac-8ddb-58a565c9bc1a,String,true,Boolean
acs:d4054f04-f7e6-43ac-8ddb-58a565c9bc1a_00000031-1b44-ac8e-5de5-6f8ded7c05dd,,2026-09-07T10:21:10.724768Z,true,Boolean,d4054f04-f7e6-43ac-8ddb-58a565c9bc1a,String,true,Boolean
acs:d4054f04-f7e6-43ac-8ddb-58a565c9bc1a_00000031-1b44-ade4-5de5-6f8ded7c05de,,2026-09-07T10:21:10.724768Z,true,Boolean,d4054f04-f7e6-43ac-8ddb-58a565c9bc1a,String,true,Boolean
acs:d4054f04-f7e6-43ac-8ddb-58a565c9bc1a_00000031-1b44-af28-5de5-6f8ded7c05df,,2026-09-07T10:21:10.724768Z,true,Boolean,d4054f04-f7e6-43ac-8ddb-58a565c9bc1a,String,true,Boolean
acs:d4054f04-f7e6-43ac-8ddb-58a565c9bc1a_00000031-1b44-b06a-5de5-6f8ded7c05e0,,2026-09-07T10:21:10.724768Z,true,Boolean,d4054f04-f7e6-43ac-8ddb-58a565c9bc1a,String,true,Boolean
acs:d4054f04-f7e6-43ac-8ddb-58a565c9bc1a_00000031-1b44-b1ac-5de5-6f8ded7c05e1,,2026-09-07T10:21:10.724768Z,true,Boolean,d4054f04-f7e6-43ac-8ddb-58a565c9bc1a,String,true,Boolean
acs:d4054f04-f7e6-43ac-8ddb-58a565c9bc1a_00000031-1b44-b2e8-5de5-6f8ded7c05e2,,2026-09-07T10:21:10.724768Z,true,Boolean,d4054f04-f7e6-43ac-8ddb-58a565c9bc1a,String,true,Boolean
acs:d4054f04-f7e6-43ac-8ddb-58a565c9bc1a_00000031-1b44-b423-23e1-6f8ded7c0e47,,2026-09-07T10:21:10.724768Z,true,Boolean,d4054f04-f7e6-43ac-8ddb-58a565c9bc1a,String,true,Boolean
acs:d4054f04-f7e6-43ac-8ddb-58a565c9bc1a_00000031-1b44-b55f-23e1-6f8ded7c0e48,,2026-09-07T10:21:10.724768Z,true,Boolean,d4054f04-f7e6-43ac-8ddb-58a565c9bc1a,String,true,Boolean
acs:d4054f04-f7e6-43ac-8ddb-58a565c9bc1a_00000031-1b44-b69a-5de5-6f8ded7c05e4,,2026-09-07T10:21:10.724768Z,true,Boolean,d4054f04-f7e6-43ac-8ddb-58a565c9bc1a,String,true,Boolean
acs:d4054f04-f7e6-43ac-8ddb-58a565c9bc1a_00000031-1b44-b7d9-5de5-6f8ded7c05e5,,2026-09-07T10:21:10.724768Z,true,Boolean,d4054f04-f7e6-43ac-8ddb-58a565c9bc1a,String,true,Boolean
acs:d4054f04-f7e6-43ac-8ddb-58a565c9bc1a_00000031-1b44-b915-5de5-6f8ded7c05e6,,2026-09-07T10:21:10.724768Z,true,Boolean,d4054f04-f7e6-43ac-8ddb-58a565c9bc1a,String,true,Boolean
acs:d4054f04-f7e6-43ac-8ddb-58a565c9bc1a_00000031-1b44-ba4f-23e1-6f8ded7c0e4a,,2026-09-07T10:21:10.724768Z,true,Boolean,d4054f04-f7e6-43ac-8ddb-58a565c9bc1a,String,true,Boolean
acs:d4054f04-f7e6-43ac-8ddb-58a565c9bc1a_00000031-1b44-bb94-23e1-6f8ded7c0e4c,,2026-09-07T10:21:10.724768Z,true,Boolean,d4054f04-f7e6-43ac-8ddb-58a565c9bc1a,String,true,Boolean
acs:d4054f04-f7e6-43ac-8ddb-58a565c9bc1a_00000031-1b44-bcd0-23e1-6f8ded7c0e4d,,2026-09-07T10:21:10.724768Z,true,Boolean,d4054f04-f7e6-43ac-8ddb-58a565c9bc1a,String,true,Boolean
acs:d4054f04-f7e6-43ac-8ddb-58a565c9bc1a_00000031-1b44-be0e-23e1-6f8ded7c0e4e,,2026-09-07T10:21:10.724768Z,true,Boolean,d4054f04-f7e6-43ac-8ddb-58a565c9bc1a,String,true,Boolean
acs:d4054f04-f7e6-43ac-8ddb-58a565c9bc1a_00000031-1b44-bf4b-23e1-6f8ded7c0e4f,,2026-09-07T10:21:10.724768Z,true,Boolean,d4054f04-f7e6-43ac-8ddb-58a565c9bc1a,String,true,Boolean
acs:d4054f04-f7e6-43ac-8ddb-58a565c9bc1a_00000031-1b44-c08a-23e1-6f8ded7c0e50,,2026-09-07T10:21:10.724768Z,true,Boolean,d4054f04-f7e6-43ac-8ddb-58a565c9bc1a,String,true,Boolean
acs:d4054f04-f7e6-43ac-8ddb-58a565c9bc1a_00000031-1b44-c1c6-23e1-6f8ded7c0e51,,2026-09-07T10:21:10.724768Z,true,Boolean,d4054f04-f7e6-43ac-8ddb-58a565c9bc1a,String,true,Boolean
acs:d4054f04-f7e6-43ac-8ddb-58a565c9bc1a_00000031-1b44-c303-23e1-6f8ded7c0e52,,2026-09-07T10:21:10.724768Z,true,Boolean,d4054f04-f7e6-43ac-8ddb-58a565c9bc1a,String,true,Boolean
acs:d4054f04-f7e6-43ac-8ddb-58a565c9bc1a_00000031-1b44-c43e-23e1-6f8ded7c0e53,,2026-09-07T10:21:10.724768Z,true,Boolean,d4054f04-f7e6-43ac-8ddb-58a565c9bc1a,String,true,Boolean
acs:d4054f04-f7e6-43ac-8ddb-58a565c9bc1a_00000031-1b44-c57b-5de5-6f8ded7c05e7,,2026-09-07T10:21:10.724768Z,true,Boolean,d4054f04-f7e6-43ac-8ddb-58a565c9bc1a,String,true,Boolean
acs:d4054f04-f7e6-43ac-8ddb-58a565c9bc1a_00000031-1b44-c6e7-23e1-6f8ded7c0e57,,2026-09-07T10:21:10.724768Z,true,Boolean,d4054f04-f7e6-43ac-8ddb-58a565c9bc1a,String,true,Boolean
acs:d4054f04-f7e6-43ac-8ddb-58a565c9bc1a_00000031-1b44-c827-23e1-6f8ded7c0e58,,2026-09-07T10:21:10.724768Z,true,Boolean,d4054f04-f7e6-43ac-8ddb-58a565c9bc1a,String,true,Boolean
acs:d4054f04-f7e6-43ac-8ddb-58a565c9bc1a_00000031-1b44-c968-23e1-6f8ded7c0e59,,2026-09-07T10:21:10.724768Z,true,Boolean,d4054f04-f7e6-43ac-8ddb-58a565c9bc1a,String,true,Boolean
acs:d4054f04-f7e6-43ac-8ddb-58a565c9bc1a_00000031-1b44-caa7-5de5-6f8ded7c05ea,,2026-09-07T10:21:10.724768Z,true,Boolean,d4054f04-f7e6-43ac-8ddb-58a565c9bc1a,String,true,Boolean
acs:d4054f04-f7e6-43ac-8ddb-58a565c9bc1a_00000031-1b44-cbe8-23e1-6f8ded7c0e5a,,2026-09-07T10:21:10.724768Z,true,Boolean,d4054f04-f7e6-43ac-8ddb-58a565c9bc1a,String,true,Boolean
acs:d4054f04-f7e6-43ac-8ddb-58a565c9bc1a_00000031-1b44-cd29-5de5-6f8ded7c05ec,,2026-09-07T10:21:10.724768Z,true,Boolean,d4054f04-f7e6-43ac-8ddb-58a565c9bc1a,String,true,Boolean
acs:d4054f04-f7e6-43ac-8ddb-58a565c9bc1a_00000031-1b44-ce67-23e1-6f8ded7c0e5c,,2026-09-07T10:21:10.724768Z,true,Boolean,d4054f04-f7e6-43ac-8ddb-58a565c9bc1a,String,true,Boolean
acs:d4054f04-f7e6-43ac-8ddb-58a565c9bc1a_00000031-1b44-cfa9-23e1-6f8ded7c0e5d,,2026-09-07T10:21:10.724768Z,true,Boolean,d4054f04-f7e6-43ac-8ddb-58a565c9bc1a,String,true,Boolean
acs:d4054f04-f7e6-43ac-8ddb-58a565c9bc1a_00000031-1b44-d117-23e1-6f8ded7c0e5e,,2026-09-07T10:21:10.724768Z,true,Boolean,d4054f04-f7e6-43ac-8ddb-58a565c9bc1a,String,true,Boolean
acs:d4054f04-f7e6-43ac-8ddb-58a565c9bc1a_00000031-1b44-d256-5de5-6f8ded7c05ee,,2026-09-07T10:21:10.724768Z,true,Boolean,d4054f04-f7e6-43ac-8ddb-58a565c9bc1a,String,true,Boolean
acs:d4054f04-f7e6-43ac-8ddb-58a565c9bc1a_00000031-1b44-d3aa-1b1d-00bd45600891,,2026-09-07T10:21:10.724768Z,true,Boolean,d4054f04-f7e6-43ac-8ddb-58a565c9bc1a,String,true,Boolean
acs:d4054f04-f7e6-43ac-8ddb-58a565c9bc1a_00000031-1b44-d4e8-1b1d-00bd45600892,,2026-09-07T10:21:10.724768Z,true,Boolean,d4054f04-f7e6-43ac-8ddb-58a565c9bc1a,String,true,Boolean
acs:d4054f04-f7e6-43ac-8ddb-58a565c9bc1a_00000031-1b44-d624-1b1d-00bd45600893,,2026-09-07T10:21:10.724768Z,true,Boolean,d4054f04-f7e6-43ac-8ddb-58a565c9bc1a,String,true,Boolean
acs:d4054f04-f7e6-43ac-8ddb-58a565c9bc1a_00000031-1b44-d761-23e1-6f8ded7c0e62,,2026-09-07T10:21:10.724768Z,true,Boolean,d4054f04-f7e6-43ac-8ddb-58a565c9bc1a,String,true,Boolean
acs:d4054f04-f7e6-43ac-8ddb-58a565c9bc1a_00000031-1b44-d89e-23e1-6f8ded7c0e64,,2026-09-07T10:21:10.724768Z,true,Boolean,d4054f04-f7e6-43ac-8ddb-58a565c9bc1a,String,true,Boolean
acs:d4054f04-f7e6-43ac-8ddb-58a565c9bc1a_00000031-1b44-d9f8-1b1d-00bd45600894,,2026-09-07T10:21:10.724768Z,true,Boolean,d4054f04-f7e6-43ac-8ddb-58a565c9bc1a,String,true,Boolean
acs:d4054f04-f7e6-43ac-8ddb-58a565c9bc1a_00000031-1b44-db36-23e1-6f8ded7c0e65,,2026-09-07T10:21:10.724768Z,true,Boolean,d4054f04-f7e6-43ac-8ddb-58a565c9bc1a,String,true,Boolean
acs:d4054f04-f7e6-43ac-8ddb-58a565c9bc1a_00000031-1b44-dc74-1b1d-00bd45600895,,2026-09-07T10:21:10.724768Z,true,Boolean,d4054f04-f7e6-43ac-8ddb-58a565c9bc1a,String,true,Boolean
acs:d4054f04-f7e6-43ac-8ddb-58a565c9bc1a_00000031-1b44-ddaf-23e1-6f8ded7c0e66,,2026-09-07T10:21:10.724768Z,true,Boolean,d4054f04-f7e6-43ac-8ddb-58a565c9bc1a,String,true,Boolean
acs:d4054f04-f7e6-43ac-8ddb-58a565c9bc1a_00000031-1b44-deec-23e1-6f8ded7c0e67,,2026-09-07T10:21:10.724768Z,true,Boolean,d4054f04-f7e6-43ac-8ddb-58a565c9bc1a,String,true,Boolean
acs:d4054f04-f7e6-43ac-8ddb-58a565c9bc1a_00000031-1b44-e027-23e1-6f8ded7c0e68,,2026-09-07T10:21:10.724768Z,true,Boolean,d4054f04-f7e6-43ac-8ddb-58a565c9bc1a,String,true,Boolean
acs:d4054f04-f7e6-43ac-8ddb-58a565c9bc1a_00000031-1b44-e163-1b1d-00bd45600896,,2026-09-07T10:21:10.724768Z,true,Boolean,d4054f04-f7e6-43ac-8ddb-58a565c9bc1a,String,true,Boolean
acs:d4054f04-f7e6-43ac-8ddb-58a565c9bc1a_00000031-1b44-e2a4-5de5-6f8ded7c05f0,,2026-09-07T10:21:10.724768Z,true,Boolean,d4054f04-f7e6-43ac-8ddb-58a565c9bc1a,String,true,Boolean
acs:d4054f04-f7e6-43ac-8ddb-58a565c9bc1a_00000031-1b44-e3e2-23e1-6f8ded7c0e69,,2026-09-07T10:21:10.724768Z,true,Boolean,d4054f04-f7e6-43ac-8ddb-58a565c9bc1a,String,true,Boolean
acs:d4054f04-f7e6-43ac-8ddb-58a565c9bc1a_00000031-1b44-e51e-23e1-6f8ded7c0e6b,,2026-09-07T10:21:10.724768Z,true,Boolean,d4054f04-f7e6-43ac-8ddb-58a565c9bc1a,String,true,Boolean
acs:d4054f04-f7e6-43ac-8ddb-58a565c9bc1a_00000031-1b44-e660-23e1-6f8ded7c0e6c,,2026-09-07T10:21:10.724768Z,true,Boolean,d4054f04-f7e6-43ac-8ddb-58a565c9bc1a,String,true,Boolean
acs:d4054f04-f7e6-43ac-8ddb-58a565c9bc1a_00000031-1b44-e79c-5de5-6f8ded7c05f3,,2026-09-07T10:21:10.724768Z,true,Boolean,d4054f04-f7e6-43ac-8ddb-58a565c9bc1a,String,true,Boolean
acs:d4054f04-f7e6-43ac-8ddb-58a565c9bc1a_00000031-1b44-e8d9-5de5-6f8ded7c05f4,,2026-09-07T10:21:10.724768Z,true,Boolean,d4054f04-f7e6-43ac-8ddb-58a565c9bc1a,String,true,Boolean
acs:d4054f04-f7e6-43ac-8ddb-58a565c9bc1a_00000031-1b44-ea16-5de5-6f8ded7c05f5,,2026-09-07T10:21:10.724768Z,true,Boolean,d4054f04-f7e6-43ac-8ddb-58a565c9bc1a,String,true,Boolean
acs:d4054f04-f7e6-43ac-8ddb-58a565c9bc1a_00000031-1b44-eb54-1b1d-00bd45600897,,2026-09-07T10:21:10.724768Z,true,Boolean,d4054f04-f7e6-43ac-8ddb-58a565c9bc1a,String,true,Boolean
acs:d4054f04-f7e6-43ac-8ddb-58a565c9bc1a_00000031-1b44-ecfc-1b1d-00bd45600898,,2026-09-07T10:21:10.724768Z,true,Boolean,d4054f04-f7e6-43ac-8ddb-58a565c9bc1a,String,true,Boolean
acs:d4054f04-f7e6-43ac-8ddb-58a565c9bc1a_00000031-1b44-ee3d-1b1d-00bd45600899,,2026-09-07T10:21:10.724768Z,true,Boolean,d4054f04-f7e6-43ac-8ddb-58a565c9bc1a,String,true,Boolean
acs:d4054f04-f7e6-43ac-8ddb-58a565c9bc1a_00000031-1b44-ef7e-1b1d-00bd4560089a,,2026-09-07T10:21:10.724768Z,true,Boolean,d4054f04-f7e6-43ac-8ddb-58a565c9bc1a,String,true,Boolean
acs:d4054f04-f7e6-43ac-8ddb-58a565c9bc1a_00000031-1b44-f0b7-1b1d-00bd4560089b,,2026-09-07T10:21:10.724768Z,true,Boolean,d4054f04-f7e6-43ac-8ddb-58a565c9bc1a,String,true,Boolean
acs:d4054f04-f7e6-43ac-8ddb-58a565c9bc1a_00000031-1b44-f352-16ea-6f8ded7c019e,,2026-09-07T10:21:10.724768Z,true,Boolean,d4054f04-f7e6-43ac-8ddb-58a565c9bc1a,String,true,Boolean
acs:d4054f04-f7e6-43ac-8ddb-58a565c9bc1a_00000031-1b44-f4a8-7be9-6f8ded7c077d,,2026-09-07T10:21:10.724768Z,true,Boolean,d4054f04-f7e6-43ac-8ddb-58a565c9bc1a,String,true,Boolean
acs:d4054f04-f7e6-43ac-8ddb-58a565c9bc1a_00000031-1b44-f624-7be9-6f8ded7c077e,,2026-09-07T10:21:10.724768Z,true,Boolean,d4054f04-f7e6-43ac-8ddb-58a565c9bc1a,String,true,Boolean
acs:d4054f04-f7e6-43ac-8ddb-58a565c9bc1a_00000031-1b44-f772-7be9-6f8ded7c077f,,2026-09-07T10:21:10.724768Z,true,Boolean,d4054f04-f7e6-43ac-8ddb-58a565c9bc1a,String,true,Boolean
acs:d4054f04-f7e6-43ac-8ddb-58a565c9bc1a_00000031-1b44-f8ad-72e4-6f8ded7c050e,,2026-09-07T10:21:10.724768Z,true,Boolean,d4054f04-f7e6-43ac-8ddb-58a565c9bc1a,String,true,Boolean
acs:d4054f04-f7e6-43ac-8ddb-58a565c9bc1a_00000031-1b44-f9e8-72e4-6f8ded7c050f,,2026-09-07T10:21:10.724768Z,true,Boolean,d4054f04-f7e6-43ac-8ddb-58a565c9bc1a,String,true,Boolean
acs:d4054f04-f7e6-43ac-8ddb-58a565c9bc1a_00000031-1b44-fb24-72e4-6f8ded7c0510,,2026-09-07T10:21:10.724768Z,true,Boolean,d4054f04-f7e6-43ac-8ddb-58a565c9bc1a,String,true,Boolean
acs:d4054f04-f7e6-43ac-8ddb-58a565c9bc1a_00000031-1b44-fc86-72e4-6f8ded7c0511,,2026-09-07T10:21:10.724768Z,true,Boolean,d4054f04-f7e6-43ac-8ddb-58a565c9bc1a,String,true,Boolean
acs:d4054f04-f7e6-43ac-8ddb-58a565c9bc1a_00000031-1b44-fe09-72e4-6f8ded7c0512,,2026-09-07T10:21:10.724768Z,true,Boolean,d4054f04-f7e6-43ac-8ddb-58a565c9bc1a,String,true,Boolean
acs:d4054f04-f7e6-43ac-8ddb-58a565c9bc1a_00000031-1b44-ff44-72e4-6f8ded7c0513,,2026-09-07T10:21:10.724768Z,true,Boolean,d4054f04-f7e6-43ac-8ddb-58a565c9bc1a,String,true,Boolean
acs:d4054f04-f7e6-43ac-8ddb-58a565c9bc1a_00000031-1b45-0083-16ea-6f8ded7c01a0,,2026-09-07T10:21:10.724768Z,true,Boolean,d4054f04-f7e6-43ac-8ddb-58a565c9bc1a,String,true,Boolean
acs:d4054f04-f7e6-43ac-8ddb-58a565c9bc1a_00000031-1b45-01bf-16ea-6f8ded7c01a1,,2026-09-07T10:21:10.724768Z,true,Boolean,d4054f04-f7e6-43ac-8ddb-58a565c9bc1a,String,true,Boolean
acs:d4054f04-f7e6-43ac-8ddb-58a565c9bc1a_00000031-1b45-02fc-16ea-6f8ded7c01a2,,2026-09-07T10:21:10.724768Z,true,Boolean,d4054f04-f7e6-43ac-8ddb-58a565c9bc1a,String,true,Boolean
acs:d4054f04-f7e6-43ac-8ddb-58a565c9bc1a_00000031-1b45-043a-16ea-6f8ded7c01a3,,2026-09-07T10:21:10.724768Z,true,Boolean,d4054f04-f7e6-43ac-8ddb-58a565c9bc1a,String,true,Boolean
acs:d4054f04-f7e6-43ac-8ddb-58a565c9bc1a_00000031-1b45-0576-16ea-6f8ded7c01a4,,2026-09-07T10:21:10.724768Z,true,Boolean,d4054f04-f7e6-43ac-8ddb-58a565c9bc1a,String,true,Boolean
acs:d4054f04-f7e6-43ac-8ddb-58a565c9bc1a_00000031-1b45-06be-72e4-6f8ded7c0515,,2026-09-07T10:21:10.724768Z,true,Boolean,d4054f04-f7e6-43ac-8ddb-58a565c9bc1a,String,true,Boolean
acs:d4054f04-f7e6-43ac-8ddb-58a565c9bc1a_00000031-1b45-07f8-72e4-6f8ded7c0516,,2026-09-07T10:21:10.724768Z,true,Boolean,d4054f04-f7e6-43ac-8ddb-58a565c9bc1a,String,true,Boolean
acs:d4054f04-f7e6-43ac-8ddb-58a565c9bc1a_00000031-1b45-0934-72e4-6f8ded7c0517,,2026-09-07T10:21:10.724768Z,true,Boolean,d4054f04-f7e6-43ac-8ddb-58a565c9bc1a,String,true,Boolean
acs:d4054f04-f7e6-43ac-8ddb-58a565c9bc1a_00000031-1b45-0a70-72e4-6f8ded7c0518,,2026-09-07T10:21:10.724768Z,true,Boolean,d4054f04-f7e6-43ac-8ddb-58a565c9bc1a,String,true,Boolean
acs:d4054f04-f7e6-43ac-8ddb-58a565c9bc1a_00000031-1b45-0bad-72e4-6f8ded7c0519,,2026-09-07T10:21:10.724768Z,true,Boolean,d4054f04-f7e6-43ac-8ddb-58a565c9bc1a,String,true,Boolean
acs:d4054f04-f7e6-43ac-8ddb-58a565c9bc1a_00000031-1b45-0ceb-72e4-6f8ded7c051a,,2026-09-07T10:21:10.724768Z,true,Boolean,d4054f04-f7e6-43ac-8ddb-58a565c9bc1a,String,true,Boolean
acs:d4054f04-f7e6-43ac-8ddb-58a565c9bc1a_00000031-1b45-0e25-72e4-6f8ded7c051b,,2026-09-07T10:21:10.724768Z,true,Boolean,d4054f04-f7e6-43ac-8ddb-58a565c9bc1a,String,true,Boolean
acs:d4054f04-f7e6-43ac-8ddb-58a565c9bc1a_00000031-1b45-0fa0-7be9-6f8ded7c0780,,2026-09-07T10:21:10.724768Z,true,Boolean,d4054f04-f7e6-43ac-8ddb-58a565c9bc1a,String,true,Boolean
acs:d4054f04-f7e6-43ac-8ddb-58a565c9bc1a_00000031-1b45-10dc-7be9-6f8ded7c0781,,2026-09-07T10:21:10.724768Z,true,Boolean,d4054f04-f7e6-43ac-8ddb-58a565c9bc1a,String,true,Boolean
acs:d4054f04-f7e6-43ac-8ddb-58a565c9bc1a_00000031-1b45-1219-7be9-6f8ded7c0782,,2026-09-07T10:21:10.724768Z,true,Boolean,d4054f04-f7e6-43ac-8ddb-58a565c9bc1a,String,true,Boolean
acs:d4054f04-f7e6-43ac-8ddb-58a565c9bc1a_00000031-1b45-1357-16ea-6f8ded7c01a5,,2026-09-07T10:21:10.724768Z,true,Boolean,d4054f04-f7e6-43ac-8ddb-58a565c9bc1a,String,true,Boolean
acs:d4054f04-f7e6-43ac-8ddb-58a565c9bc1a_00000031-1b45-14ba-16ea-6f8ded7c01a6,,2026-09-07T10:21:10.724768Z,true,Boolean,d4054f04-f7e6-43ac-8ddb-58a565c9bc1a,String,true,Boolean
acs:d4054f04-f7e6-43ac-8ddb-58a565c9bc1a_00000031-1b45-15f2-16ea-6f8ded7c01a7,,2026-09-07T10:21:10.724768Z,true,Boolean,d4054f04-f7e6-43ac-8ddb-58a565c9bc1a,String,true,Boolean
acs:d4054f04-f7e6-43ac-8ddb-58a565c9bc1a_00000031-1b45-172c-72e4-6f8ded7c051e,,2026-09-07T10:21:10.724768Z,true,Boolean,d4054f04-f7e6-43ac-8ddb-58a565c9bc1a,String,true,Boolean
acs:d4054f04-f7e6-43ac-8ddb-58a565c9bc1a_00000031-1b45-186a-72e4-6f8ded7c051f,,2026-09-07T10:21:10.724768Z,true,Boolean,d4054f04-f7e6-43ac-8ddb-58a565c9bc1a,String,true,Boolean
acs:d4054f04-f7e6-43ac-8ddb-58a565c9bc1a_00000031-1b45-19a7-72e4-6f8ded7c0520,,2026-09-07T10:21:10.724768Z,true,Boolean,d4054f04-f7e6-43ac-8ddb-58a565c9bc1a,String,true,Boolean
acs:d4054f04-f7e6-43ac-8ddb-58a565c9bc1a_00000031-1b45-1ae6-72e4-6f8ded7c0521,,2026-09-07T10:21:10.724768Z,true,Boolean,d4054f04-f7e6-43ac-8ddb-58a565c9bc1a,String,true,Boolean
acs:d4054f04-f7e6-43ac-8ddb-58a565c9bc1a_00000031-1b45-1c4a-72e4-6f8ded7c0522,,2026-09-07T10:21:10.724768Z,true,Boolean,d4054f04-f7e6-43ac-8ddb-58a565c9bc1a,String,true,Boolean
acs:d4054f04-f7e6-43ac-8ddb-58a565c9bc1a_00000031-1b45-1df5-46ef-6f8ded7c013f,,2026-09-07T10:21:10.724768Z,true,Boolean,d4054f04-f7e6-43ac-8ddb-58a565c9bc1a,String,true,Boolean
acs:d4054f04-f7e6-43ac-8ddb-58a565c9bc1a_00000031-1b45-1f31-46ef-6f8ded7c0140,,2026-09-07T10:21:10.724768Z,true,Boolean,d4054f04-f7e6-43ac-8ddb-58a565c9bc1a,String,true,Boolean
acs:d4054f04-f7e6-43ac-8ddb-58a565c9bc1a_00000031-1b45-206f-46ef-6f8ded7c0142,,2026-09-07T10:21:10.724768Z,true,Boolean,d4054f04-f7e6-43ac-8ddb-58a565c9bc1a,String,true,Boolean
acs:d4054f04-f7e6-43ac-8ddb-58a565c9bc1a_00000031-1b45-21ac-46ef-6f8ded7c0143,,2026-09-07T10:21:10.724768Z,true,Boolean,d4054f04-f7e6-43ac-8ddb-58a565c9bc1a,String,true,Boolean
acs:d4054f04-f7e6-43ac-8ddb-58a565c9bc1a_00000031-1b45-22ef-46ef-6f8ded7c0144,,2026-09-07T10:21:10.724768Z,true,Boolean,d4054f04-f7e6-43ac-8ddb-58a565c9bc1a,String,true,Boolean
acs:d4054f04-f7e6-43ac-8ddb-58a565c9bc1a_00000031-1b45-242b-46ef-6f8ded7c0145,,2026-09-07T10:21:10.724768Z,true,Boolean,d4054f04-f7e6-43ac-8ddb-58a565c9bc1a,String,true,Boolean
acs:d4054f04-f7e6-43ac-8ddb-58a565c9bc1a_00000031-1b45-256e-46ef-6f8ded7c0146,,2026-09-07T10:21:10.724768Z,true,Boolean,d4054f04-f7e6-43ac-8ddb-58a565c9bc1a,String,true,Boolean
acs:d4054f04-f7e6-43ac-8ddb-58a565c9bc1a_00000031-1b45-26ac-46ef-6f8ded7c0147,,2026-09-07T10:21:10.724768Z,true,Boolean,d4054f04-f7e6-43ac-8ddb-58a565c9bc1a,String,true,Boolean
acs:d4054f04-f7e6-43ac-8ddb-58a565c9bc1a_00000031-1b45-280e-46ef-6f8ded7c0148,,2026-09-07T10:21:10.724768Z,true,Boolean,d4054f04-f7e6-43ac-8ddb-58a565c9bc1a,String,true,Boolean
acs:d4054f04-f7e6-43ac-8ddb-58a565c9bc1a_00000031-1b45-2957-46ef-6f8ded7c0149,,2026-09-07T10:21:10.724768Z,true,Boolean,d4054f04-f7e6-43ac-8ddb-58a565c9bc1a,String,true,Boolean
acs:d4054f04-f7e6-43ac-8ddb-58a565c9bc1a_00000031-1b45-2a9c-46ef-6f8ded7c014a,,2026-09-07T10:21:10.724768Z,true,Boolean,d4054f04-f7e6-43ac-8ddb-58a565c9bc1a,String,true,Boolean
acs:d4054f04-f7e6-43ac-8ddb-58a565c9bc1a_00000031-1b45-2bd8-46ef-6f8ded7c014b,,2026-09-07T10:21:10.724768Z,true,Boolean,d4054f04-f7e6-43ac-8ddb-58a565c9bc1a,String,true,Boolean
acs:d4054f04-f7e6-43ac-8ddb-58a565c9bc1a_00000031-1b45-2d16-46ef-6f8ded7c014c,,2026-09-07T10:21:10.724768Z,true,Boolean,d4054f04-f7e6-43ac-8ddb-58a565c9bc1a,String,true,Boolean
acs:d4054f04-f7e6-43ac-8ddb-58a565c9bc1a_00000031-1b45-2e54-46ef-6f8ded7c014d,,2026-09-07T10:21:10.724768Z,true,Boolean,d4054f04-f7e6-43ac-8ddb-58a565c9bc1a,String,true,Boolean
acs:d4054f04-f7e6-43ac-8ddb-58a565c9bc1a_00000031-1b45-2f93-46ef-6f8ded7c014e,,2026-09-07T10:21:10.724768Z,true,Boolean,d4054f04-f7e6-43ac-8ddb-58a565c9bc1a,String,true,Boolean
acs:d4054f04-f7e6-43ac-8ddb-58a565c9bc1a_00000031-1b45-30ce-46ef-6f8ded7c0150,,2026-09-07T10:21:10.724768Z,true,Boolean,d4054f04-f7e6-43ac-8ddb-58a565c9bc1a,String,true,Boolean
acs:d4054f04-f7e6-43ac-8ddb-58a565c9bc1a_00000031-1b45-320a-46ef-6f8ded7c0151,,2026-09-07T10:21:10.724768Z,true,Boolean,d4054f04-f7e6-43ac-8ddb-58a565c9bc1a,String,true,Boolean
acs:d4054f04-f7e6-43ac-8ddb-58a565c9bc1a_00000031-1b45-3347-46ef-6f8ded7c0152,,2026-09-07T10:21:10.724768Z,true,Boolean,d4054f04-f7e6-43ac-8ddb-58a565c9bc1a,String,true,Boolean
acs:d4054f04-f7e6-43ac-8ddb-58a565c9bc1a_00000031-1b45-348a-46ef-6f8ded7c0153,,2026-09-07T10:21:10.724768Z,true,Boolean,d4054f04-f7e6-43ac-8ddb-58a565c9bc1a,String,true,Boolean
acs:d4054f04-f7e6-43ac-8ddb-58a565c9bc1a_00000031-1b45-35c6-46ef-6f8ded7c0154,,2026-09-07T10:21:10.724768Z,true,Boolean,d4054f04-f7e6-43ac-8ddb-58a565c9bc1a,String,true,Boolean
acs:d4054f04-f7e6-43ac-8ddb-58a565c9bc1a_00000031-1b45-3702-46ef-6f8ded7c0155,,2026-09-07T10:21:10.724768Z,true,Boolean,d4054f04-f7e6-43ac-8ddb-58a565c9bc1a,String,true,Boolean
acs:d4054f04-f7e6-43ac-8ddb-58a565c9bc1a_00000031-1b45-3843-46ef-6f8ded7c0156,,2026-09-07T10:21:10.724768Z,true,Boolean,d4054f04-f7e6-43ac-8ddb-58a565c9bc1a,String,true,Boolean
acs:d4054f04-f7e6-43ac-8ddb-58a565c9bc1a_00000031-1b45-397f-46ef-6f8ded7c0157,,2026-09-07T10:21:10.724768Z,true,Boolean,d4054f04-f7e6-43ac-8ddb-58a565c9bc1a,String,true,Boolean
acs:d4054f04-f7e6-43ac-8ddb-58a565c9bc1a_00000031-1b45-3ac1-46ef-6f8ded7c0158,,2026-09-07T10:21:10.724768Z,true,Boolean,d4054f04-f7e6-43ac-8ddb-58a565c9bc1a,String,true,Boolean
acs:d4054f04-f7e6-43ac-8ddb-58a565c9bc1a_00000031-1b45-3c05-46ef-6f8ded7c0159,,2026-09-07T10:21:10.724768Z,true,Boolean,d4054f04-f7e6-43ac-8ddb-58a565c9bc1a,String,true,Boolean
acs:d4054f04-f7e6-43ac-8ddb-58a565c9bc1a_00000031-1b45-3d4c-46ef-6f8ded7c015a,,2026-09-07T10:21:10.724768Z,true,Boolean,d4054f04-f7e6-43ac-8ddb-58a565c9bc1a,String,true,Boolean
acs:d4054f04-f7e6-43ac-8ddb-58a565c9bc1a_00000031-1b45-3e8d-46ef-6f8ded7c015b,,2026-09-07T10:21:10.724768Z,true,Boolean,d4054f04-f7e6-43ac-8ddb-58a565c9bc1a,String,true,Boolean
acs:d4054f04-f7e6-43ac-8ddb-58a565c9bc1a_00000031-1b45-3fc9-46ef-6f8ded7c015c,,2026-09-07T10:21:10.724768Z,true,Boolean,d4054f04-f7e6-43ac-8ddb-58a565c9bc1a,String,true,Boolean
acs:d4054f04-f7e6-43ac-8ddb-58a565c9bc1a_00000031-1b45-410d-46ef-6f8ded7c015d,,2026-09-07T10:21:10.724768Z,true,Boolean,d4054f04-f7e6-43ac-8ddb-58a565c9bc1a,String,true,Boolean
acs:d4054f04-f7e6-43ac-8ddb-58a565c9bc1a_00000031-1b45-424d-46ef-6f8ded7c015e,,2026-09-07T10:21:10.724768Z,true,Boolean,d4054f04-f7e6-43ac-8ddb-58a565c9bc1a,String,true,Boolean
acs:d4054f04-f7e6-43ac-8ddb-58a565c9bc1a_00000031-1b45-438e-46ef-6f8ded7c015f,,2026-09-07T10:21:10.724768Z,true,Boolean,d4054f04-f7e6-43ac-8ddb-58a565c9bc1a,String,true,Boolean
acs:d4054f04-f7e6-43ac-8ddb-58a565c9bc1a_00000031-1b45-44cb-46ef-6f8ded7c0160,,2026-09-07T10:21:10.724768Z,true,Boolean,d4054f04-f7e6-43ac-8ddb-58a565c9bc1a,String,true,Boolean
acs:d4054f04-f7e6-43ac-8ddb-58a565c9bc1a_00000031-1b45-4618-46ef-6f8ded7c0161,,2026-09-07T10:21:10.724768Z,true,Boolean,d4054f04-f7e6-43ac-8ddb-58a565c9bc1a,String,true,Boolean
acs:d4054f04-f7e6-43ac-8ddb-58a565c9bc1a_00000031-1b45-4754-46ef-6f8ded7c0162,,2026-09-07T10:21:10.724768Z,true,Boolean,d4054f04-f7e6-43ac-8ddb-58a565c9bc1a,String,true,Boolean
acs:d4054f04-f7e6-43ac-8ddb-58a565c9bc1a_00000031-1b45-48d3-46ef-6f8ded7c0163,,2026-09-07T10:21:10.724768Z,true,Boolean,d4054f04-f7e6-43ac-8ddb-58a565c9bc1a,String,true,Boolean
acs:d4054f04-f7e6-43ac-8ddb-58a565c9bc1a_00000031-1b45-4a13-46ef-6f8ded7c0164,,2026-09-07T10:21:10.724768Z,true,Boolean,d4054f04-f7e6-43ac-8ddb-58a565c9bc1a,String,true,Boolean
acs:d4054f04-f7e6-43ac-8ddb-58a565c9bc1a_00000031-1b45-4b5f-46ef-6f8ded7c0165,,2026-09-07T10:21:10.724768Z,true,Boolean,d4054f04-f7e6-43ac-8ddb-58a565c9bc1a,String,true,Boolean
acs:d4054f04-f7e6-43ac-8ddb-58a565c9bc1a_00000031-1b45-4cb1-46ef-6f8ded7c0166,,2026-09-07T10:21:10.724768Z,true,Boolean,d4054f04-f7e6-43ac-8ddb-58a565c9bc1a,String,true,Boolean
acs:d4054f04-f7e6-43ac-8ddb-58a565c9bc1a_00000031-1b45-4dee-46ef-6f8ded7c0167,,2026-09-07T10:21:10.724768Z,true,Boolean,d4054f04-f7e6-43ac-8ddb-58a565c9bc1a,String,true,Boolean
acs:d4054f04-f7e6-43ac-8ddb-58a565c9bc1a_00000031-1b45-4f31-46ef-6f8ded7c0168,,2026-09-07T10:21:10.724768Z,true,Boolean,d4054f04-f7e6-43ac-8ddb-58a565c9bc1a,String,true,Boolean
acs:d4054f04-f7e6-43ac-8ddb-58a565c9bc1a_00000031-1b45-50af-46ef-6f8ded7c0169,,2026-09-07T10:21:10.724768Z,true,Boolean,d4054f04-f7e6-43ac-8ddb-58a565c9bc1a,String,true,Boolean
acs:d4054f04-f7e6-43ac-8ddb-58a565c9bc1a_00000031-1b45-51ef-46ef-6f8ded7c016a,,2026-09-07T10:21:10.724768Z,true,Boolean,d4054f04-f7e6-43ac-8ddb-58a565c9bc1a,String,true,Boolean
acs:d4054f04-f7e6-43ac-8ddb-58a565c9bc1a_00000031-1b45-532f-46ef-6f8ded7c016b,,2026-09-07T10:21:10.724768Z,true,Boolean,d4054f04-f7e6-43ac-8ddb-58a565c9bc1a,String,true,Boolean
acs:d4054f04-f7e6-43ac-8ddb-58a565c9bc1a_00000031-1b45-546c-46ef-6f8ded7c016c,,2026-09-07T10:21:10.724768Z,true,Boolean,d4054f04-f7e6-43ac-8ddb-58a565c9bc1a,String,true,Boolean
acs:d4054f04-f7e6-43ac-8ddb-58a565c9bc1a_00000031-1b45-55ab-46ef-6f8ded7c016d,,2026-09-07T10:21:10.724768Z,true,Boolean,d4054f04-f7e6-43ac-8ddb-58a565c9bc1a,String,true,Boolean
acs:d4054f04-f7e6-43ac-8ddb-58a565c9bc1a_00000031-1b45-56ea-46ef-6f8ded7c016e,,2026-09-07T10:21:10.724768Z,true,Boolean,d4054f04-f7e6-43ac-8ddb-58a565c9bc1a,String,true,Boolean
acs:d4054f04-f7e6-43ac-8ddb-58a565c9bc1a_00000031-1b45-5828-46ef-6f8ded7c016f,,2026-09-07T10:21:10.724768Z,true,Boolean,d4054f04-f7e6-43ac-8ddb-58a565c9bc1a,String,true,Boolean
acs:d4054f04-f7e6-43ac-8ddb-58a565c9bc1a_00000031-1b45-596f-46ef-6f8ded7c0170,,2026-09-07T10:21:10.724768Z,true,Boolean,d4054f04-f7e6-43ac-8ddb-58a565c9bc1a,String,true,Boolean
acs:d4054f04-f7e6-43ac-8ddb-58a565c9bc1a_00000031-1b45-5aad-46ef-6f8ded7c0171,,2026-09-07T10:21:10.724768Z,true,Boolean,d4054f04-f7e6-43ac-8ddb-58a565c9bc1a,String,true,Boolean
acs:d4054f04-f7e6-43ac-8ddb-58a565c9bc1a_00000031-1b45-5be9-46ef-6f8ded7c0172,,2026-09-07T10:21:10.724768Z,true,Boolean,d4054f04-f7e6-43ac-8ddb-58a565c9bc1a,String,true,Boolean
acs:d4054f04-f7e6-43ac-8ddb-58a565c9bc1a_00000031-1b45-5d28-46ef-6f8ded7c0173,,2026-09-07T10:21:10.724768Z,true,Boolean,d4054f04-f7e6-43ac-8ddb-58a565c9bc1a,String,true,Boolean
acs:d4054f04-f7e6-43ac-8ddb-58a565c9bc1a_00000031-1b45-5e67-46ef-6f8ded7c0174,,2026-09-07T10:21:10.724768Z,true,Boolean,d4054f04-f7e6-43ac-8ddb-58a565c9bc1a,String,true,Boolean
acs:d4054f04-f7e6-43ac-8ddb-58a565c9bc1a_00000031-1b45-5fa2-46ef-6f8ded7c0175,,2026-09-07T10:21:10.724768Z,true,Boolean,d4054f04-f7e6-43ac-8ddb-58a565c9bc1a,String,true,Boolean
acs:d4054f04-f7e6-43ac-8ddb-58a565c9bc1a_00000031-1b45-60e3-46ef-6f8ded7c0176,,2026-09-07T10:21:10.724768Z,true,Boolean,d4054f04-f7e6-43ac-8ddb-58a565c9bc1a,String,true,Boolean
acs:d4054f04-f7e6-43ac-8ddb-58a565c9bc1a_00000031-1b45-621d-46ef-6f8ded7c0177,,2026-09-07T10:21:10.724768Z,true,Boolean,d4054f04-f7e6-43ac-8ddb-58a565c9bc1a,String,true,Boolean
acs:d4054f04-f7e6-43ac-8ddb-58a565c9bc1a_00000031-1b45-635d-46ef-6f8ded7c0179,,2026-09-07T10:21:10.724768Z,true,Boolean,d4054f04-f7e6-43ac-8ddb-58a565c9bc1a,String,true,Boolean
acs:d4054f04-f7e6-43ac-8ddb-58a565c9bc1a_00000031-1b45-6498-46ef-6f8ded7c017a,,2026-09-07T10:21:10.724768Z,true,Boolean,d4054f04-f7e6-43ac-8ddb-58a565c9bc1a,String,true,Boolean
acs:d4054f04-f7e6-43ac-8ddb-58a565c9bc1a_00000031-1b45-65d9-46ef-6f8ded7c017b,,2026-09-07T10:21:10.724768Z,true,Boolean,d4054f04-f7e6-43ac-8ddb-58a565c9bc1a,String,true,Boolean
acs:d4054f04-f7e6-43ac-8ddb-58a565c9bc1a_00000031-1b45-6718-46ef-6f8ded7c017c,,2026-09-07T10:21:10.724768Z,true,Boolean,d4054f04-f7e6-43ac-8ddb-58a565c9bc1a,String,true,Boolean
acs:d4054f04-f7e6-43ac-8ddb-58a565c9bc1a_00000031-1b45-6857-46ef-6f8ded7c017d,,2026-09-07T10:21:10.724768Z,true,Boolean,d4054f04-f7e6-43ac-8ddb-58a565c9bc1a,String,true,Boolean
acs:d4054f04-f7e6-43ac-8ddb-58a565c9bc1a_00000031-1b45-69ee-46ef-6f8ded7c017e,,2026-09-07T10:21:10.724768Z,true,Boolean,d4054f04-f7e6-43ac-8ddb-58a565c9bc1a,String,true,Boolean
acs:d4054f04-f7e6-43ac-8ddb-58a565c9bc1a_00000031-1b45-6b45-46ef-6f8ded7c017f,,2026-09-07T10:21:10.724768Z,true,Boolean,d4054f04-f7e6-43ac-8ddb-58a565c9bc1a,String,true,Boolean
acs:d4054f04-f7e6-43ac-8ddb-58a565c9bc1a_00000031-1b45-6cd3-46ef-6f8ded7c0180,,2026-09-07T10:21:10.724768Z,true,Boolean,d4054f04-f7e6-43ac-8ddb-58a565c9bc1a,String,true,Boolean
acs:d4054f04-f7e6-43ac-8ddb-58a565c9bc1a_00000031-1b45-6e38-46ef-6f8ded7c0181,,2026-09-07T10:21:10.724768Z,true,Boolean,d4054f04-f7e6-43ac-8ddb-58a565c9bc1a,String,true,Boolean
acs:d4054f04-f7e6-43ac-8ddb-58a565c9bc1a_00000031-1b45-6f7b-46ef-6f8ded7c0182,,2026-09-07T10:21:10.724768Z,true,Boolean,d4054f04-f7e6-43ac-8ddb-58a565c9bc1a,String,true,Boolean
acs:d4054f04-f7e6-43ac-8ddb-58a565c9bc1a_00000031-1b45-70c0-46ef-6f8ded7c0183,,2026-09-07T10:21:10.724768Z,true,Boolean,d4054f04-f7e6-43ac-8ddb-58a565c9bc1a,String,true,Boolean
acs:d4054f04-f7e6-43ac-8ddb-58a565c9bc1a_00000031-1b45-721b-46ef-6f8ded7c0184,,2026-09-07T10:21:10.724768Z,true,Boolean,d4054f04-f7e6-43ac-8ddb-58a565c9bc1a,String,true,Boolean
acs:d4054f04-f7e6-43ac-8ddb-58a565c9bc1a_00000031-1b45-7389-46ef-6f8ded7c0185,,2026-09-07T10:21:10.724768Z,true,Boolean,d4054f04-f7e6-43ac-8ddb-58a565c9bc1a,String,true,Boolean
acs:d4054f04-f7e6-43ac-8ddb-58a565c9bc1a_00000031-1b45-74e1-46ef-6f8ded7c0186,,2026-09-07T10:21:10.724768Z,true,Boolean,d4054f04-f7e6-43ac-8ddb-58a565c9bc1a,String,true,Boolean
acs:d4054f04-f7e6-43ac-8ddb-58a565c9bc1a_00000031-1b45-7667-46ef-6f8ded7c0187,,2026-09-07T10:21:10.724768Z,true,Boolean,d4054f04-f7e6-43ac-8ddb-58a565c9bc1a,String,true,Boolean
acs:d4054f04-f7e6-43ac-8ddb-58a565c9bc1a_00000031-1b45-77d6-46ef-6f8ded7c0188,,2026-09-07T10:21:10.724768Z,true,Boolean,d4054f04-f7e6-43ac-8ddb-58a565c9bc1a,String,true,Boolean
acs:d4054f04-f7e6-43ac-8ddb-58a565c9bc1a_00000031-1b45-7975-46ef-6f8ded7c0189,,2026-09-07T10:21:10.724768Z,true,Boolean,d4054f04-f7e6-43ac-8ddb-58a565c9bc1a,String,true,Boolean
acs:d4054f04-f7e6-43ac-8ddb-58a565c9bc1a_00000031-1b45-7ad7-46ef-6f8ded7c018a,,2026-09-07T10:21:10.724768Z,true,Boolean,d4054f04-f7e6-43ac-8ddb-58a565c9bc1a,String,true,Boolean
acs:d4054f04-f7e6-43ac-8ddb-58a565c9bc1a_00000031-1b45-7c16-46ef-6f8ded7c018b,,2026-09-07T10:21:10.724768Z,true,Boolean,d4054f04-f7e6-43ac-8ddb-58a565c9bc1a,String,true,Boolean
acs:d4054f04-f7e6-43ac-8ddb-58a565c9bc1a_00000031-1b45-7d56-46ef-6f8ded7c018c,,2026-09-07T10:21:10.724768Z,true,Boolean,d4054f04-f7e6-43ac-8ddb-58a565c9bc1a,String,true,Boolean
acs:d4054f04-f7e6-43ac-8ddb-58a565c9bc1a_00000031-1b45-7e9e-46ef-6f8ded7c018d,,2026-09-07T10:21:10.724768Z,true,Boolean,d4054f04-f7e6-43ac-8ddb-58a565c9bc1a,String,true,Boolean
acs:d4054f04-f7e6-43ac-8ddb-58a565c9bc1a_00000031-1b45-7fe4-46ef-6f8ded7c018e,,2026-09-07T10:21:10.724768Z,true,Boolean,d4054f04-f7e6-43ac-8ddb-58a565c9bc1a,String,true,Boolean
acs:d4054f04-f7e6-43ac-8ddb-58a565c9bc1a_00000031-1b45-813e-46ef-6f8ded7c018f,,2026-09-07T10:21:10.724768Z,true,Boolean,d4054f04-f7e6-43ac-8ddb-58a565c9bc1a,String,true,Boolean
acs:d4054f04-f7e6-43ac-8ddb-58a565c9bc1a_00000031-1b45-827e-46ef-6f8ded7c0190,,2026-09-07T10:21:10.724768Z,true,Boolean,d4054f04-f7e6-43ac-8ddb-58a565c9bc1a,String,true,Boolean
acs:d4054f04-f7e6-43ac-8ddb-58a565c9bc1a_00000031-1b45-83ba-46ef-6f8ded7c0192,,2026-09-07T10:21:10.724768Z,true,Boolean,d4054f04-f7e6-43ac-8ddb-58a565c9bc1a,String,true,Boolean
acs:d4054f04-f7e6-43ac-8ddb-58a565c9bc1a_00000031-1b45-84fd-46ef-6f8ded7c0194,,2026-09-07T10:21:10.724768Z,true,Boolean,d4054f04-f7e6-43ac-8ddb-58a565c9bc1a,String,true,Boolean
acs:d4054f04-f7e6-43ac-8ddb-58a565c9bc1a_00000031-1b45-863e-46ef-6f8ded7c0195,,2026-09-07T10:21:10.724768Z,true,Boolean,d4054f04-f7e6-43ac-8ddb-58a565c9bc1a,String,true,Boolean
acs:d4054f04-f7e6-43ac-8ddb-58a565c9bc1a_00000031-1b45-877e-46ef-6f8ded7c0197,,2026-09-07T10:21:10.724768Z,true,Boolean,d4054f04-f7e6-43ac-8ddb-58a565c9bc1a,String,true,Boolean
acs:d4054f04-f7e6-43ac-8ddb-58a565c9bc1a_00000031-1b45-88d4-46ef-6f8ded7c0199,,2026-09-07T10:21:10.724768Z,true,Boolean,d4054f04-f7e6-43ac-8ddb-58a565c9bc1a,String,true,Boolean
acs:d4054f04-f7e6-43ac-8ddb-58a565c9bc1a_00000031-1b45-8a11-46ef-6f8ded7c019a,,2026-09-07T10:21:10.724768Z,true,Boolean,d4054f04-f7e6-43ac-8ddb-58a565c9bc1a,String,true,Boolean
acs:d4054f04-f7e6-43ac-8ddb-58a565c9bc1a_00000031-1b45-8b4e-46ef-6f8ded7c019b,,2026-09-07T10:21:10.724768Z,true,Boolean,d4054f04-f7e6-43ac-8ddb-58a565c9bc1a,String,true,Boolean
acs:d4054f04-f7e6-43ac-8ddb-58a565c9bc1a_00000031-1b45-8c8e-46ef-6f8ded7c019c,,2026-09-07T10:21:10.724768Z,true,Boolean,d4054f04-f7e6-43ac-8ddb-58a565c9bc1a,String,true,Boolean
acs:d4054f04-f7e6-43ac-8ddb-58a565c9bc1a_00000031-1b45-8dd3-46ef-6f8ded7c019d,,2026-09-07T10:21:10.724768Z,true,Boolean,d4054f04-f7e6-43ac-8ddb-58a565c9bc1a,String,true,Boolean
acs:d4054f04-f7e6-43ac-8ddb-58a565c9bc1a_00000031-1b45-8f19-46ef-6f8ded7c019e,,2026-09-07T10:21:10.724768Z,true,Boolean,d4054f04-f7e6-43ac-8ddb-58a565c9bc1a,String,true,Boolean
acs:d4054f04-f7e6-43ac-8ddb-58a565c9bc1a_00000031-1b45-9055-46ef-6f8ded7c019f,,2026-09-07T10:21:10.724768Z,true,Boolean,d4054f04-f7e6-43ac-8ddb-58a565c9bc1a,String,true,Boolean
acs:d4054f04-f7e6-43ac-8ddb-58a565c9bc1a_00000031-1b45-9195-46ef-6f8ded7c01a0,,2026-09-07T10:21:10.724768Z,true,Boolean,d4054f04-f7e6-43ac-8ddb-58a565c9bc1a,String,true,Boolean
acs:d4054f04-f7e6-43ac-8ddb-58a565c9bc1a_00000031-1b45-92d5-46ef-6f8ded7c01a1,,2026-09-07T10:21:10.724768Z,true,Boolean,d4054f04-f7e6-43ac-8ddb-58a565c9bc1a,String,true,Boolean
acs:d4054f04-f7e6-43ac-8ddb-58a565c9bc1a_00000031-1b45-9415-46ef-6f8ded7c01a2,,2026-09-07T10:21:10.724768Z,true,Boolean,d4054f04-f7e6-43ac-8ddb-58a565c9bc1a,String,true,Boolean
acs:d4054f04-f7e6-43ac-8ddb-58a565c9bc1a_00000031-1b45-9556-46ef-6f8ded7c01a3,,2026-09-07T10:21:10.724768Z,true,Boolean,d4054f04-f7e6-43ac-8ddb-58a565c9bc1a,String,true,Boolean
acs:d4054f04-f7e6-43ac-8ddb-58a565c9bc1a_00000031-1b45-9695-46ef-6f8ded7c01a4,,2026-09-07T10:21:10.724768Z,true,Boolean,d4054f04-f7e6-43ac-8ddb-58a565c9bc1a,String,true,Boolean
acs:d4054f04-f7e6-43ac-8ddb-58a565c9bc1a_00000031-1b45-97d5-46ef-6f8ded7c01a5,,2026-09-07T10:21:10.724768Z,true,Boolean,d4054f04-f7e6-43ac-8ddb-58a565c9bc1a,String,true,Boolean
acs:d4054f04-f7e6-43ac-8ddb-58a565c9bc1a_00000031-1b45-9912-46ef-6f8ded7c01a7,,2026-09-07T10:21:10.724768Z,true,Boolean,d4054f04-f7e6-43ac-8ddb-58a565c9bc1a,String,true,Boolean
acs:d4054f04-f7e6-43ac-8ddb-58a565c9bc1a_00000031-1b45-9abc-c2e6-6f8ded7cfed8,,2026-09-07T10:21:10.724768Z,true,Boolean,d4054f04-f7e6-43ac-8ddb-58a565c9bc1a,String,true,Boolean
acs:d4054f04-f7e6-43ac-8ddb-58a565c9bc1a_00000031-1b45-9bf9-c2e6-6f8ded7cfed9,,2026-09-07T10:21:10.724768Z,true,Boolean,d4054f04-f7e6-43ac-8ddb-58a565c9bc1a,String,true,Boolean
acs:d4054f04-f7e6-43ac-8ddb-58a565c9bc1a_00000031-1b45-9d69-c2e6-6f8ded7cfeda,,2026-09-07T10:21:10.724768Z,true,Boolean,d4054f04-f7e6-43ac-8ddb-58a565c9bc1a,String,true,Boolean
acs:d4054f04-f7e6-43ac-8ddb-58a565c9bc1a_00000031-1b45-9ea4-c2e6-6f8ded7cfedb,,2026-09-07T10:21:10.724768Z,true,Boolean,d4054f04-f7e6-43ac-8ddb-58a565c9bc1a,String,true,Boolean
acs:d4054f04-f7e6-43ac-8ddb-58a565c9bc1a_00000031-1b45-9ff4-c2e6-6f8ded7cfedc,,2026-09-07T10:21:10.724768Z,true,Boolean,d4054f04-f7e6-43ac-8ddb-58a565c9bc1a,String,true,Boolean
acs:d4054f04-f7e6-43ac-8ddb-58a565c9bc1a_00000031-1b45-a132-c2e6-6f8ded7cfedd,,2026-09-07T10:21:10.724768Z,true,Boolean,d4054f04-f7e6-43ac-8ddb-58a565c9bc1a,String,true,Boolean
acs:d4054f04-f7e6-43ac-8ddb-58a565c9bc1a_00000031-1b45-a26d-c2e6-6f8ded7cfede,,2026-09-07T10:21:10.724768Z,true,Boolean,d4054f04-f7e6-43ac-8ddb-58a565c9bc1a,String,true,Boolean
acs:d4054f04-f7e6-43ac-8ddb-58a565c9bc1a_00000031-1b45-a3a9-c2e6-6f8ded7cfedf,,2026-09-07T10:21:10.724768Z,true,Boolean,d4054f04-f7e6-43ac-8ddb-58a565c9bc1a,String,true,Boolean
acs:d4054f04-f7e6-43ac-8ddb-58a565c9bc1a_00000031-1b45-a4e3-c2e6-6f8ded7cfee0,,2026-09-07T10:21:10.724768Z,true,Boolean,d4054f04-f7e6-43ac-8ddb-58a565c9bc1a,String,true,Boolean
acs:d4054f04-f7e6-43ac-8ddb-58a565c9bc1a_00000031-1b45-a650-c2e6-6f8ded7cfee1,,2026-09-07T10:21:10.724768Z,true,Boolean,d4054f04-f7e6-43ac-8ddb-58a565c9bc1a,String,true,Boolean
acs:d4054f04-f7e6-43ac-8ddb-58a565c9bc1a_00000031-1b45-a78d-c2e6-6f8ded7cfee2,,2026-09-07T10:21:10.724768Z,true,Boolean,d4054f04-f7e6-43ac-8ddb-58a565c9bc1a,String,true,Boolean
acs:d4054f04-f7e6-43ac-8ddb-58a565c9bc1a_00000031-1b45-a912-c2e6-6f8ded7cfee3,,2026-09-07T10:21:10.724768Z,true,Boolean,d4054f04-f7e6-43ac-8ddb-58a565c9bc1a,String,true,Boolean
acs:d4054f04-f7e6-43ac-8ddb-58a565c9bc1a_00000031-1b45-aa84-c2e6-6f8ded7cfee5,,2026-09-07T10:21:10.724768Z,true,Boolean,d4054f04-f7e6-43ac-8ddb-58a565c9bc1a,String,true,Boolean
acs:d4054f04-f7e6-43ac-8ddb-58a565c9bc1a_00000031-1b45-abc2-c2e6-6f8ded7cfee6,,2026-09-07T10:21:10.724768Z,true,Boolean,d4054f04-f7e6-43ac-8ddb-58a565c9bc1a,String,true,Boolean
acs:d4054f04-f7e6-43ac-8ddb-58a565c9bc1a_00000031-1b45-acff-c2e6-6f8ded7cfee7,,2026-09-07T10:21:10.724768Z,true,Boolean,d4054f04-f7e6-43ac-8ddb-58a565c9bc1a,String,true,Boolean
acs:d4054f04-f7e6-43ac-8ddb-58a565c9bc1a_00000031-1b45-ae3c-c2e6-6f8ded7cfee9,,2026-09-07T10:21:10.724768Z,true,Boolean,d4054f04-f7e6-43ac-8ddb-58a565c9bc1a,String,true,Boolean
acs:d4054f04-f7e6-43ac-8ddb-58a565c9bc1a_00000031-1b45-af78-c2e6-6f8ded7cfeea,,2026-09-07T10:21:10.724768Z,true,Boolean,d4054f04-f7e6-43ac-8ddb-58a565c9bc1a,String,true,Boolean
acs:d4054f04-f7e6-43ac-8ddb-58a565c9bc1a_00000031-1b45-b0b7-c2e6-6f8ded7cfeeb,,2026-09-07T10:21:10.724768Z,true,Boolean,d4054f04-f7e6-43ac-8ddb-58a565c9bc1a,String,true,Boolean
acs:d4054f04-f7e6-43ac-8ddb-58a565c9bc1a_00000031-1b45-b1f2-c2e6-6f8ded7cfeed,,2026-09-07T10:21:10.724768Z,true,Boolean,d4054f04-f7e6-43ac-8ddb-58a565c9bc1a,String,true,Boolean
acs:d4054f04-f7e6-43ac-8ddb-58a565c9bc1a_00000031-1b45-b339-c2e6-6f8ded7cfeee,,2026-09-07T10:21:10.724768Z,true,Boolean,d4054f04-f7e6-43ac-8ddb-58a565c9bc1a,String,true,Boolean
acs:d4054f04-f7e6-43ac-8ddb-58a565c9bc1a_00000031-1b45-b476-c2e6-6f8ded7cfef0,,2026-09-07T10:21:10.724768Z,true,Boolean,d4054f04-f7e6-43ac-8ddb-58a565c9bc1a,String,true,Boolean
acs:d4054f04-f7e6-43ac-8ddb-58a565c9bc1a_00000031-1b45-b5b5-c2e6-6f8ded7cfef2,,2026-09-07T10:21:10.724768Z,true,Boolean,d4054f04-f7e6-43ac-8ddb-58a565c9bc1a,String,true,Boolean
acs:d4054f04-f7e6-43ac-8ddb-58a565c9bc1a_00000031-1b45-b6f0-c2e6-6f8ded7cfef3,,2026-09-07T10:21:10.724768Z,true,Boolean,d4054f04-f7e6-43ac-8ddb-58a565c9bc1a,String,true,Boolean
acs:d4054f04-f7e6-43ac-8ddb-58a565c9bc1a_00000031-1b45-b830-c2e6-6f8ded7cfef5,,2026-09-07T10:21:10.724768Z,true,Boolean,d4054f04-f7e6-43ac-8ddb-58a565c9bc1a,String,true,Boolean
acs:d4054f04-f7e6-43ac-8ddb-58a565c9bc1a_00000031-1b45-b96d-c2e6-6f8ded7cfef7,,2026-09-07T10:21:10.724768Z,true,Boolean,d4054f04-f7e6-43ac-8ddb-58a565c9bc1a,String,true,Boolean
acs:d4054f04-f7e6-43ac-8ddb-58a565c9bc1a_00000031-1b45-baaa-c2e6-6f8ded7cfef8,,2026-09-07T10:21:10.724768Z,true,Boolean,d4054f04-f7e6-43ac-8ddb-58a565c9bc1a,String,true,Boolean
acs:d4054f04-f7e6-43ac-8ddb-58a565c9bc1a_00000031-1b45-bbe5-c2e6-6f8ded7cfef9,,2026-09-07T10:21:10.724768Z,true,Boolean,d4054f04-f7e6-43ac-8ddb-58a565c9bc1a,String,true,Boolean
acs:d4054f04-f7e6-43ac-8ddb-58a565c9bc1a_00000031-1b45-bd2c-c2e6-6f8ded7cfefa,,2026-09-07T10:21:10.724768Z,true,Boolean,d4054f04-f7e6-43ac-8ddb-58a565c9bc1a,String,true,Boolean
acs:d4054f04-f7e6-43ac-8ddb-58a565c9bc1a_00000031-1b45-be6b-c2e6-6f8ded7cfefc,,2026-09-07T10:21:10.724768Z,true,Boolean,d4054f04-f7e6-43ac-8ddb-58a565c9bc1a,String,true,Boolean
acs:d4054f04-f7e6-43ac-8ddb-58a565c9bc1a_00000031-1b45-bfa8-c2e6-6f8ded7cfefd,,2026-09-07T10:21:10.724768Z,true,Boolean,d4054f04-f7e6-43ac-8ddb-58a565c9bc1a,String,true,Boolean
acs:d4054f04-f7e6-43ac-8ddb-58a565c9bc1a_00000031-1b45-c0ea-c2e6-6f8ded7cfeff,,2026-09-07T10:21:10.724768Z,true,Boolean,d4054f04-f7e6-43ac-8ddb-58a565c9bc1a,String,true,Boolean
acs:d4054f04-f7e6-43ac-8ddb-58a565c9bc1a_00000031-1b45-c228-c2e6-6f8ded7cff02,,2026-09-07T10:21:10.724768Z,true,Boolean,d4054f04-f7e6-43ac-8ddb-58a565c9bc1a,String,true,Boolean
acs:d4054f04-f7e6-43ac-8ddb-58a565c9bc1a_00000031-1b45-c37a-c2e6-6f8ded7cff04,,2026-09-07T10:21:10.724768Z,true,Boolean,d4054f04-f7e6-43ac-8ddb-58a565c9bc1a,String,true,Boolean
acs:d4054f04-f7e6-43ac-8ddb-58a565c9bc1a_00000031-1b45-c4b6-c2e6-6f8ded7cff06,,2026-09-07T10:21:10.724768Z,true,Boolean,d4054f04-f7e6-43ac-8ddb-58a565c9bc1a,String,true,Boolean
acs:d4054f04-f7e6-43ac-8ddb-58a565c9bc1a_00000031-1b45-c5f0-c2e6-6f8ded7cff08,,2026-09-07T10:21:10.724768Z,true,Boolean,d4054f04-f7e6-43ac-8ddb-58a565c9bc1a,String,true,Boolean
acs:d4054f04-f7e6-43ac-8ddb-58a565c9bc1a_00000031-1b45-c72e-c2e6-6f8ded7cff09,,2026-09-07T10:21:10.724768Z,true,Boolean,d4054f04-f7e6-43ac-8ddb-58a565c9bc1a,String,true,Boolean
acs:d4054f04-f7e6-43ac-8ddb-58a565c9bc1a_00000031-1b45-c86e-c2e6-6f8ded7cff0b,,2026-09-07T10:21:10.724768Z,true,Boolean,d4054f04-f7e6-43ac-8ddb-58a565c9bc1a,String,true,Boolean
acs:d4054f04-f7e6-43ac-8ddb-58a565c9bc1a_00000031-1b45-c9ae-c2e6-6f8ded7cff0c,,2026-09-07T10:21:10.724768Z,true,Boolean,d4054f04-f7e6-43ac-8ddb-58a565c9bc1a,String,true,Boolean
acs:d4054f04-f7e6-43ac-8ddb-58a565c9bc1a_00000031-1b45-caf1-c2e6-6f8ded7cff0e,,2026-09-07T10:21:10.724768Z,true,Boolean,d4054f04-f7e6-43ac-8ddb-58a565c9bc1a,String,true,Boolean
acs:d4054f04-f7e6-43ac-8ddb-58a565c9bc1a_00000031-1b45-cc5c-c2e6-6f8ded7cff10,,2026-09-07T10:21:10.724768Z,true,Boolean,d4054f04-f7e6-43ac-8ddb-58a565c9bc1a,String,true,Boolean
acs:d4054f04-f7e6-43ac-8ddb-58a565c9bc1a_00000031-1b45-cd97-c2e6-6f8ded7cff11,,2026-09-07T10:21:10.724768Z,true,Boolean,d4054f04-f7e6-43ac-8ddb-58a565c9bc1a,String,true,Boolean
acs:d4054f04-f7e6-43ac-8ddb-58a565c9bc1a_00000031-1b45-ced3-c2e6-6f8ded7cff12,,2026-09-07T10:21:10.724768Z,true,Boolean,d4054f04-f7e6-43ac-8ddb-58a565c9bc1a,String,true,Boolean
acs:d4054f04-f7e6-43ac-8ddb-58a565c9bc1a_00000031-1b45-d00f-c2e6-6f8ded7cff13,,2026-09-07T10:21:10.724768Z,true,Boolean,d4054f04-f7e6-43ac-8ddb-58a565c9bc1a,String,true,Boolean
acs:d4054f04-f7e6-43ac-8ddb-58a565c9bc1a_00000031-1b45-d149-c2e6-6f8ded7cff14,,2026-09-07T10:21:10.724768Z,true,Boolean,d4054f04-f7e6-43ac-8ddb-58a565c9bc1a,String,true,Boolean
acs:d4054f04-f7e6-43ac-8ddb-58a565c9bc1a_00000031-1b45-d286-c2e6-6f8ded7cff15,,2026-09-07T10:21:10.724768Z,true,Boolean,d4054f04-f7e6-43ac-8ddb-58a565c9bc1a,String,true,Boolean
acs:d4054f04-f7e6-43ac-8ddb-58a565c9bc1a_00000031-1b45-d3c4-c2e6-6f8ded7cff16,,2026-09-07T10:21:10.724768Z,true,Boolean,d4054f04-f7e6-43ac-8ddb-58a565c9bc1a,String,true,Boolean
acs:d4054f04-f7e6-43ac-8ddb-58a565c9bc1a_00000031-1b45-d504-c2e6-6f8ded7cff17,,2026-09-07T10:21:10.724768Z,true,Boolean,d4054f04-f7e6-43ac-8ddb-58a565c9bc1a,String,true,Boolean
acs:d4054f04-f7e6-43ac-8ddb-58a565c9bc1a_00000031-1b45-d642-c2e6-6f8ded7cff18,,2026-09-07T10:21:10.724768Z,true,Boolean,d4054f04-f7e6-43ac-8ddb-58a565c9bc1a,String,true,Boolean
acs:d4054f04-f7e6-43ac-8ddb-58a565c9bc1a_00000031-1b45-d77f-c2e6-6f8ded7cff19,,2026-09-07T10:21:10.724768Z,true,Boolean,d4054f04-f7e6-43ac-8ddb-58a565c9bc1a,String,true,Boolean
acs:d4054f04-f7e6-43ac-8ddb-58a565c9bc1a_00000031-1b45-d8bd-6ae2-6f8ded7c092f,,2026-09-07T10:21:10.724768Z,true,Boolean,d4054f04-f7e6-43ac-8ddb-58a565c9bc1a,String,true,Boolean
acs:d4054f04-f7e6-43ac-8ddb-58a565c9bc1a_00000031-1b45-d9fd-6ae2-6f8ded7c0930,,2026-09-07T10:21:10.724768Z,true,Boolean,d4054f04-f7e6-43ac-8ddb-58a565c9bc1a,String,true,Boolean
acs:d4054f04-f7e6-43ac-8ddb-58a565c9bc1a_00000031-1b45-db3a-6ae2-6f8ded7c0932,,2026-09-07T10:21:10.724768Z,true,Boolean,d4054f04-f7e6-43ac-8ddb-58a565c9bc1a,String,true,Boolean
acs:d4054f04-f7e6-43ac-8ddb-58a565c9bc1a_00000031-1b45-dc76-c2e6-6f8ded7cff1a,,2026-09-07T10:21:10.724768Z,true,Boolean,d4054f04-f7e6-43ac-8ddb-58a565c9bc1a,String,true,Boolean
acs:d4054f04-f7e6-43ac-8ddb-58a565c9bc1a_00000031-1b45-ddb5-c2e6-6f8ded7cff1b,,2026-09-07T10:21:10.724768Z,true,Boolean,d4054f04-f7e6-43ac-8ddb-58a565c9bc1a,String,true,Boolean
acs:d4054f04-f7e6-43ac-8ddb-58a565c9bc1a_00000031-1b45-def1-c2e6-6f8ded7cff1d,,2026-09-07T10:21:10.724768Z,true,Boolean,d4054f04-f7e6-43ac-8ddb-58a565c9bc1a,String,true,Boolean
acs:d4054f04-f7e6-43ac-8ddb-58a565c9bc1a_00000031-1b45-e030-c2e6-6f8ded7cff1f,,2026-09-07T10:21:10.724768Z,true,Boolean,d4054f04-f7e6-43ac-8ddb-58a565c9bc1a,String,true,Boolean
acs:d4054f04-f7e6-43ac-8ddb-58a565c9bc1a_00000031-1b45-e170-c2e6-6f8ded7cff20,,2026-09-07T10:21:10.724768Z,true,Boolean,d4054f04-f7e6-43ac-8ddb-58a565c9bc1a,String,true,Boolean
acs:d4054f04-f7e6-43ac-8ddb-58a565c9bc1a_00000031-1b45-e2b0-c2e6-6f8ded7cff22,,2026-09-07T10:21:10.724768Z,true,Boolean,d4054f04-f7e6-43ac-8ddb-58a565c9bc1a,String,true,Boolean
acs:d4054f04-f7e6-43ac-8ddb-58a565c9bc1a_00000031-1b45-e3eb-c2e6-6f8ded7cff23,,2026-09-07T10:21:10.724768Z,true,Boolean,d4054f04-f7e6-43ac-8ddb-58a565c9bc1a,String,true,Boolean
acs:d4054f04-f7e6-43ac-8ddb-58a565c9bc1a_00000031-1b45-e524-c2e6-6f8ded7cff24,,2026-09-07T10:21:10.724768Z,true,Boolean,d4054f04-f7e6-43ac-8ddb-58a565c9bc1a,String,true,Boolean
acs:d4054f04-f7e6-43ac-8ddb-58a565c9bc1a_00000031-1b45-e669-c2e6-6f8ded7cff25,,2026-09-07T10:21:10.724768Z,true,Boolean,d4054f04-f7e6-43ac-8ddb-58a565c9bc1a,String,true,Boolean
acs:d4054f04-f7e6-43ac-8ddb-58a565c9bc1a_00000031-1b45-e7a8-6ae2-6f8ded7c0938,,2026-09-07T10:21:10.724768Z,true,Boolean,d4054f04-f7e6-43ac-8ddb-58a565c9bc1a,String,true,Boolean
acs:d4054f04-f7e6-43ac-8ddb-58a565c9bc1a_00000031-1b45-e8e3-6ae2-6f8ded7c0939,,2026-09-07T10:21:10.724768Z,true,Boolean,d4054f04-f7e6-43ac-8ddb-58a565c9bc1a,String,true,Boolean
acs:d4054f04-f7e6-43ac-8ddb-58a565c9bc1a_00000031-1b45-ea22-6ae2-6f8ded7c093a,,2026-09-07T10:21:10.724768Z,true,Boolean,d4054f04-f7e6-43ac-8ddb-58a565c9bc1a,String,true,Boolean
acs:d4054f04-f7e6-43ac-8ddb-58a565c9bc1a_00000031-1b45-eb62-6ae2-6f8ded7c093b,,2026-09-07T10:21:10.724768Z,true,Boolean,d4054f04-f7e6-43ac-8ddb-58a565c9bc1a,String,true,Boolean
acs:d4054f04-f7e6-43ac-8ddb-58a565c9bc1a_00000031-1b45-ec9d-6ae2-6f8ded7c093c,,2026-09-07T10:21:10.724768Z,true,Boolean,d4054f04-f7e6-43ac-8ddb-58a565c9bc1a,String,true,Boolean
acs:d4054f04-f7e6-43ac-8ddb-58a565c9bc1a_00000031-1b45-eddb-6ae2-6f8ded7c093e,,2026-09-07T10:21:10.724768Z,true,Boolean,d4054f04-f7e6-43ac-8ddb-58a565c9bc1a,String,true,Boolean
acs:d4054f04-f7e6-43ac-8ddb-58a565c9bc1a_00000031-1b45-ef1b-6ae2-6f8ded7c093f,,2026-09-07T10:21:10.724768Z,true,Boolean,d4054f04-f7e6-43ac-8ddb-58a565c9bc1a,String,true,Boolean
acs:d4054f04-f7e6-43ac-8ddb-58a565c9bc1a_00000031-1b45-f05a-6ae2-6f8ded7c0940,,2026-09-07T10:21:10.724768Z,true,Boolean,d4054f04-f7e6-43ac-8ddb-58a565c9bc1a,String,true,Boolean
acs:d4054f04-f7e6-43ac-8ddb-58a565c9bc1a_00000031-1b45-f197-6ae2-6f8ded7c0942,,2026-09-07T10:21:10.724768Z,true,Boolean,d4054f04-f7e6-43ac-8ddb-58a565c9bc1a,String,true,Boolean
acs:d4054f04-f7e6-43ac-8ddb-58a565c9bc1a_00000031-1b45-f2d2-6ae2-6f8ded7c0943,,2026-09-07T10:21:10.724768Z,true,Boolean,d4054f04-f7e6-43ac-8ddb-58a565c9bc1a,String,true,Boolean
acs:d4054f04-f7e6-43ac-8ddb-58a565c9bc1a_00000031-1b45-f414-6ae2-6f8ded7c0945,,2026-09-07T10:21:10.724768Z,true,Boolean,d4054f04-f7e6-43ac-8ddb-58a565c9bc1a,String,true,Boolean
acs:d4054f04-f7e6-43ac-8ddb-58a565c9bc1a_00000031-1b45-f556-6ae2-6f8ded7c0946,,2026-09-07T10:21:10.724768Z,true,Boolean,d4054f04-f7e6-43ac-8ddb-58a565c9bc1a,String,true,Boolean
acs:d4054f04-f7e6-43ac-8ddb-58a565c9bc1a_00000031-1b45-f691-c2e6-6f8ded7cff26,,2026-09-07T10:21:10.724768Z,true,Boolean,d4054f04-f7e6-43ac-8ddb-58a565c9bc1a,String,true,Boolean
acs:d4054f04-f7e6-43ac-8ddb-58a565c9bc1a_00000031-1b45-f7d1-c2e6-6f8ded7cff27,,2026-09-07T10:21:10.724768Z,true,Boolean,d4054f04-f7e6-43ac-8ddb-58a565c9bc1a,String,true,Boolean
acs:d4054f04-f7e6-43ac-8ddb-58a565c9bc1a_00000031-1b45-f90e-c2e6-6f8ded7cff28,,2026-09-07T10:21:10.724768Z,true,Boolean,d4054f04-f7e6-43ac-8ddb-58a565c9bc1a,String,true,Boolean
acs:d4054f04-f7e6-43ac-8ddb-58a565c9bc1a_00000031-1b45-fa4c-c2e6-6f8ded7cff2a,,2026-09-07T10:21:10.724768Z,true,Boolean,d4054f04-f7e6-43ac-8ddb-58a565c9bc1a,String,true,Boolean
acs:d4054f04-f7e6-43ac-8ddb-58a565c9bc1a_00000031-1b45-fb90-c2e6-6f8ded7cff2c,,2026-09-07T10:21:10.724768Z,true,Boolean,d4054f04-f7e6-43ac-8ddb-58a565c9bc1a,String,true,Boolean
acs:d4054f04-f7e6-43ac-8ddb-58a565c9bc1a_00000031-1b45-fccb-c2e6-6f8ded7cff2e,,2026-09-07T10:21:10.724768Z,true,Boolean,d4054f04-f7e6-43ac-8ddb-58a565c9bc1a,String,true,Boolean
acs:d4054f04-f7e6-43ac-8ddb-58a565c9bc1a_00000031-1b45-fe0a-6ae2-6f8ded7c0947,,2026-09-07T10:21:10.724768Z,true,Boolean,d4054f04-f7e6-43ac-8ddb-58a565c9bc1a,String,true,Boolean
acs:d4054f04-f7e6-43ac-8ddb-58a565c9bc1a_00000031-1b45-ff56-6ae2-6f8ded7c0948,,2026-09-07T10:21:10.724768Z,true,Boolean,d4054f04-f7e6-43ac-8ddb-58a565c9bc1a,String,true,Boolean
acs:d4054f04-f7e6-43ac-8ddb-58a565c9bc1a_00000031-1b46-00d4-6ae2-6f8ded7c0949,,2026-09-07T10:21:10.724768Z,true,Boolean,d4054f04-f7e6-43ac-8ddb-58a565c9bc1a,String,true,Boolean
acs:d4054f04-f7e6-43ac-8ddb-58a565c9bc1a_00000031-1b46-0212-6ae2-6f8ded7c094a,,2026-09-07T10:21:10.724768Z,true,Boolean,d4054f04-f7e6-43ac-8ddb-58a565c9bc1a,String,true,Boolean
acs:d4054f04-f7e6-43ac-8ddb-58a565c9bc1a_00000031-1b46-0355-6ae2-6f8ded7c094b,,2026-09-07T10:21:10.724768Z,true,Boolean,d4054f04-f7e6-43ac-8ddb-58a565c9bc1a,String,true,Boolean
acs:d4054f04-f7e6-43ac-8ddb-58a565c9bc1a_00000031-1b46-0497-6ae2-6f8ded7c094c,,2026-09-07T10:21:10.724768Z,true,Boolean,d4054f04-f7e6-43ac-8ddb-58a565c9bc1a,String,true,Boolean
acs:d4054f04-f7e6-43ac-8ddb-58a565c9bc1a_00000031-1b46-05d3-6ae2-6f8ded7c094d,,2026-09-07T10:21:10.724768Z,true,Boolean,d4054f04-f7e6-43ac-8ddb-58a565c9bc1a,String,true,Boolean
acs:d4054f04-f7e6-43ac-8ddb-58a565c9bc1a_00000031-1b46-0711-c2e6-6f8ded7cff2f,,2026-09-07T10:21:10.724768Z,true,Boolean,d4054f04-f7e6-43ac-8ddb-58a565c9bc1a,String,true,Boolean
acs:d4054f04-f7e6-43ac-8ddb-58a565c9bc1a_00000031-1b46-084f-c2e6-6f8ded7cff30,,2026-09-07T10:21:10.724768Z,true,Boolean,d4054f04-f7e6-43ac-8ddb-58a565c9bc1a,String,true,Boolean
acs:d4054f04-f7e6-43ac-8ddb-58a565c9bc1a_00000031-1b46-098e-c2e6-6f8ded7cff32,,2026-09-07T10:21:10.724768Z,true,Boolean,d4054f04-f7e6-43ac-8ddb-58a565c9bc1a,String,true,Boolean
acs:d4054f04-f7e6-43ac-8ddb-58a565c9bc1a_00000031-1b46-0acd-6ae2-6f8ded7c094f,,2026-09-07T10:21:10.724768Z,true,Boolean,d4054f04-f7e6-43ac-8ddb-58a565c9bc1a,String,true,Boolean
acs:d4054f04-f7e6-43ac-8ddb-58a565c9bc1a_00000031-1b46-0c0c-6ae2-6f8ded7c0951,,2026-09-07T10:21:10.724768Z,true,Boolean,d4054f04-f7e6-43ac-8ddb-58a565c9bc1a,String,true,Boolean
acs:d4054f04-f7e6-43ac-8ddb-58a565c9bc1a_00000031-1b46-0d4e-6ae2-6f8ded7c0953,,2026-09-07T10:21:10.724768Z,true,Boolean,d4054f04-f7e6-43ac-8ddb-58a565c9bc1a,String,true,Boolean
acs:d4054f04-f7e6-43ac-8ddb-58a565c9bc1a_00000031-1b46-0e8b-6ae2-6f8ded7c0954,,2026-09-07T10:21:10.724768Z,true,Boolean,d4054f04-f7e6-43ac-8ddb-58a565c9bc1a,String,true,Boolean
acs:d4054f04-f7e6-43ac-8ddb-58a565c9bc1a_00000031-1b46-0fc6-6ae2-6f8ded7c0956,,2026-09-07T10:21:10.724768Z,true,Boolean,d4054f04-f7e6-43ac-8ddb-58a565c9bc1a,String,true,Boolean
acs:d4054f04-f7e6-43ac-8ddb-58a565c9bc1a_00000031-1b46-1106-6ae2-6f8ded7c0957,,2026-09-07T10:21:10.724768Z,true,Boolean,d4054f04-f7e6-43ac-8ddb-58a565c9bc1a,String,true,Boolean
acs:d4054f04-f7e6-43ac-8ddb-58a565c9bc1a_00000031-1b46-1241-6ae2-6f8ded7c0958,,2026-09-07T10:21:10.724768Z,true,Boolean,d4054f04-f7e6-43ac-8ddb-58a565c9bc1a,String,true,Boolean
acs:d4054f04-f7e6-43ac-8ddb-58a565c9bc1a_00000031-1b46-1384-6ae2-6f8ded7c0959,,2026-09-07T10:21:10.724768Z,true,Boolean,d4054f04-f7e6-43ac-8ddb-58a565c9bc1a,String,true,Boolean
acs:d4054f04-f7e6-43ac-8ddb-58a565c9bc1a_00000031-1b46-14c6-c2e6-6f8ded7cff36,,2026-09-07T10:21:10.724768Z,true,Boolean,d4054f04-f7e6-43ac-8ddb-58a565c9bc1a,String,true,Boolean
acs:d4054f04-f7e6-43ac-8ddb-58a565c9bc1a_00000031-1b46-1607-c2e6-6f8ded7cff37,,2026-09-07T10:21:10.724768Z,true,Boolean,d4054f04-f7e6-43ac-8ddb-58a565c9bc1a,String,true,Boolean
acs:d4054f04-f7e6-43ac-8ddb-58a565c9bc1a_00000031-1b46-1763-c2e6-6f8ded7cff38,,2026-09-07T10:21:10.724768Z,true,Boolean,d4054f04-f7e6-43ac-8ddb-58a565c9bc1a,String,true,Boolean
acs:d4054f04-f7e6-43ac-8ddb-58a565c9bc1a_00000031-1b46-189f-c2e6-6f8ded7cff39,,2026-09-07T10:21:10.724768Z,true,Boolean,d4054f04-f7e6-43ac-8ddb-58a565c9bc1a,String,true,Boolean
acs:d4054f04-f7e6-43ac-8ddb-58a565c9bc1a_00000031-1b46-19de-6ae2-6f8ded7c095b,,2026-09-07T10:21:10.724768Z,true,Boolean,d4054f04-f7e6-43ac-8ddb-58a565c9bc1a,String,true,Boolean
acs:d4054f04-f7e6-43ac-8ddb-58a565c9bc1a_00000031-1b46-1b1c-c2e6-6f8ded7cff3a,,2026-09-07T10:21:10.724768Z,true,Boolean,d4054f04-f7e6-43ac-8ddb-58a565c9bc1a,String,true,Boolean
acs:d4054f04-f7e6-43ac-8ddb-58a565c9bc1a_00000031-1b46-1c60-c2e6-6f8ded7cff3b,,2026-09-07T10:21:10.724768Z,true,Boolean,d4054f04-f7e6-43ac-8ddb-58a565c9bc1a,String,true,Boolean
acs:d4054f04-f7e6-43ac-8ddb-58a565c9bc1a_00000031-1b46-1dca-c2e6-6f8ded7cff3c,,2026-09-07T10:21:10.724768Z,true,Boolean,d4054f04-f7e6-43ac-8ddb-58a565c9bc1a,String,true,Boolean
acs:d4054f04-f7e6-43ac-8ddb-58a565c9bc1a_00000031-1b46-1f07-c2e6-6f8ded7cff3d,,2026-09-07T10:21:10.724768Z,true,Boolean,d4054f04-f7e6-43ac-8ddb-58a565c9bc1a,String,true,Boolean
acs:d4054f04-f7e6-43ac-8ddb-58a565c9bc1a_00000031-1b46-2047-c2e6-6f8ded7cff3e,,2026-09-07T10:21:10.724768Z,true,Boolean,d4054f04-f7e6-43ac-8ddb-58a565c9bc1a,String,true,Boolean
acs:d4054f04-f7e6-43ac-8ddb-58a565c9bc1a_00000031-1b46-2185-c2e6-6f8ded7cff3f,,2026-09-07T10:21:10.724768Z,true,Boolean,d4054f04-f7e6-43ac-8ddb-58a565c9bc1a,String,true,Boolean
acs:d4054f04-f7e6-43ac-8ddb-58a565c9bc1a_00000031-1b46-22c2-c2e6-6f8ded7cff40,,2026-09-07T10:21:10.724768Z,true,Boolean,d4054f04-f7e6-43ac-8ddb-58a565c9bc1a,String,true,Boolean
acs:d4054f04-f7e6-43ac-8ddb-58a565c9bc1a_00000031-1b46-2407-c2e6-6f8ded7cff41,,2026-09-07T10:21:10.724768Z,true,Boolean,d4054f04-f7e6-43ac-8ddb-58a565c9bc1a,String,true,Boolean
acs:d4054f04-f7e6-43ac-8ddb-58a565c9bc1a_00000031-1b46-2542-c2e6-6f8ded7cff42,,2026-09-07T10:21:10.724768Z,true,Boolean,d4054f04-f7e6-43ac-8ddb-58a565c9bc1a,String,true,Boolean
acs:d4054f04-f7e6-43ac-8ddb-58a565c9bc1a_00000031-1b46-2681-c2e6-6f8ded7cff43,,2026-09-07T10:21:10.724768Z,true,Boolean,d4054f04-f7e6-43ac-8ddb-58a565c9bc1a,String,true,Boolean
acs:d4054f04-f7e6-43ac-8ddb-58a565c9bc1a_00000031-1b46-27be-c2e6-6f8ded7cff44,,2026-09-07T10:21:10.724768Z,true,Boolean,d4054f04-f7e6-43ac-8ddb-58a565c9bc1a,String,true,Boolean
acs:d4054f04-f7e6-43ac-8ddb-58a565c9bc1a_00000031-1b46-28fe-c2e6-6f8ded7cff45,,2026-09-07T10:21:10.724768Z,true,Boolean,d4054f04-f7e6-43ac-8ddb-58a565c9bc1a,String,true,Boolean
acs:d4054f04-f7e6-43ac-8ddb-58a565c9bc1a_00000031-1b46-2a3d-c2e6-6f8ded7cff46,,2026-09-07T10:21:10.724768Z,true,Boolean,d4054f04-f7e6-43ac-8ddb-58a565c9bc1a,String,true,Boolean
acs:d4054f04-f7e6-43ac-8ddb-58a565c9bc1a_00000031-1b46-2b7b-c2e6-6f8ded7cff47,,2026-09-07T10:21:10.724768Z,true,Boolean,d4054f04-f7e6-43ac-8ddb-58a565c9bc1a,String,true,Boolean
acs:d4054f04-f7e6-43ac-8ddb-58a565c9bc1a_00000031-1b46-2cba-c2e6-6f8ded7cff48,,2026-09-07T10:21:10.724768Z,true,Boolean,d4054f04-f7e6-43ac-8ddb-58a565c9bc1a,String,true,Boolean
acs:d4054f04-f7e6-43ac-8ddb-58a565c9bc1a_00000031-1b46-2df4-c2e6-6f8ded7cff49,,2026-09-07T10:21:10.724768Z,true,Boolean,d4054f04-f7e6-43ac-8ddb-58a565c9bc1a,String,true,Boolean
acs:d4054f04-f7e6-43ac-8ddb-58a565c9bc1a_00000031-1b46-2f30-c2e6-6f8ded7cff4a,,2026-09-07T10:21:10.724768Z,true,Boolean,d4054f04-f7e6-43ac-8ddb-58a565c9bc1a,String,true,Boolean
acs:d4054f04-f7e6-43ac-8ddb-58a565c9bc1a_00000031-1b46-306d-c2e6-6f8ded7cff4b,,2026-09-07T10:21:10.724768Z,true,Boolean,d4054f04-f7e6-43ac-8ddb-58a565c9bc1a,String,true,Boolean
acs:d4054f04-f7e6-43ac-8ddb-58a565c9bc1a_00000031-1b46-31ae-c2e6-6f8ded7cff4c,,2026-09-07T10:21:10.724768Z,true,Boolean,d4054f04-f7e6-43ac-8ddb-58a565c9bc1a,String,true,Boolean
acs:d4054f04-f7e6-43ac-8ddb-58a565c9bc1a_00000031-1b46-330f-c2e6-6f8ded7cff4d,,2026-09-07T10:21:10.724768Z,true,Boolean,d4054f04-f7e6-43ac-8ddb-58a565c9bc1a,String,true,Boolean
acs:d4054f04-f7e6-43ac-8ddb-58a565c9bc1a_00000031-1b46-3450-c2e6-6f8ded7cff4e,,2026-09-07T10:21:10.724768Z,true,Boolean,d4054f04-f7e6-43ac-8ddb-58a565c9bc1a,String,true,Boolean
acs:d4054f04-f7e6-43ac-8ddb-58a565c9bc1a_00000031-1b46-358c-c2e6-6f8ded7cff4f,,2026-09-07T10:21:10.724768Z,true,Boolean,d4054f04-f7e6-43ac-8ddb-58a565c9bc1a,String,true,Boolean
acs:d4054f04-f7e6-43ac-8ddb-58a565c9bc1a_00000031-1b46-36cc-c2e6-6f8ded7cff50,,2026-09-07T10:21:10.724768Z,true,Boolean,d4054f04-f7e6-43ac-8ddb-58a565c9bc1a,String,true,Boolean
acs:d4054f04-f7e6-43ac-8ddb-58a565c9bc1a_00000031-1b46-380a-c2e6-6f8ded7cff51,,2026-09-07T10:21:10.724768Z,true,Boolean,d4054f04-f7e6-43ac-8ddb-58a565c9bc1a,String,true,Boolean
acs:d4054f04-f7e6-43ac-8ddb-58a565c9bc1a_00000031-1b46-3948-c2e6-6f8ded7cff52,,2026-09-07T10:21:10.724768Z,true,Boolean,d4054f04-f7e6-43ac-8ddb-58a565c9bc1a,String,true,Boolean
acs:d4054f04-f7e6-43ac-8ddb-58a565c9bc1a_00000031-1b46-3aab-c2e6-6f8ded7cff53,,2026-09-07T10:21:10.724768Z,true,Boolean,d4054f04-f7e6-43ac-8ddb-58a565c9bc1a,String,true,Boolean
acs:d4054f04-f7e6-43ac-8ddb-58a565c9bc1a_00000031-1b46-3be8-c2e6-6f8ded7cff54,,2026-09-07T10:21:10.724768Z,true,Boolean,d4054f04-f7e6-43ac-8ddb-58a565c9bc1a,String,true,Boolean
acs:d4054f04-f7e6-43ac-8ddb-58a565c9bc1a_00000031-1b46-3d27-c2e6-6f8ded7cff55,,2026-09-07T10:21:10.724768Z,true,Boolean,d4054f04-f7e6-43ac-8ddb-58a565c9bc1a,String,true,Boolean
acs:d4054f04-f7e6-43ac-8ddb-58a565c9bc1a_00000031-1b46-3e68-c2e6-6f8ded7cff56,,2026-09-07T10:21:10.724768Z,true,Boolean,d4054f04-f7e6-43ac-8ddb-58a565c9bc1a,String,true,Boolean
acs:d4054f04-f7e6-43ac-8ddb-58a565c9bc1a_00000031-1b46-3fa2-c2e6-6f8ded7cff57,,2026-09-07T10:21:10.724768Z,true,Boolean,d4054f04-f7e6-43ac-8ddb-58a565c9bc1a,String,true,Boolean
acs:d4054f04-f7e6-43ac-8ddb-58a565c9bc1a_00000031-1b46-40e2-c2e6-6f8ded7cff58,,2026-09-07T10:21:10.724768Z,true,Boolean,d4054f04-f7e6-43ac-8ddb-58a565c9bc1a,String,true,Boolean
acs:d4054f04-f7e6-43ac-8ddb-58a565c9bc1a_00000031-1b46-4220-c2e6-6f8ded7cff59,,2026-09-07T10:21:10.724768Z,true,Boolean,d4054f04-f7e6-43ac-8ddb-58a565c9bc1a,String,true,Boolean
acs:d4054f04-f7e6-43ac-8ddb-58a565c9bc1a_00000031-1b46-435a-c2e6-6f8ded7cff5a,,2026-09-07T10:21:10.724768Z,true,Boolean,d4054f04-f7e6-43ac-8ddb-58a565c9bc1a,String,true,Boolean
acs:d4054f04-f7e6-43ac-8ddb-58a565c9bc1a_00000031-1b46-449d-c2e6-6f8ded7cff5b,,2026-09-07T10:21:10.724768Z,true,Boolean,d4054f04-f7e6-43ac-8ddb-58a565c9bc1a,String,true,Boolean
acs:d4054f04-f7e6-43ac-8ddb-58a565c9bc1a_00000031-1b46-45dc-c2e6-6f8ded7cff5c,,2026-09-07T10:21:10.724768Z,true,Boolean,d4054f04-f7e6-43ac-8ddb-58a565c9bc1a,String,true,Boolean
acs:d4054f04-f7e6-43ac-8ddb-58a565c9bc1a_00000031-1b46-4718-c2e6-6f8ded7cff5d,,2026-09-07T10:21:10.724768Z,true,Boolean,d4054f04-f7e6-43ac-8ddb-58a565c9bc1a,String,true,Boolean
acs:d4054f04-f7e6-43ac-8ddb-58a565c9bc1a_00000031-1b46-4857-c2e6-6f8ded7cff5e,,2026-09-07T10:21:10.724768Z,true,Boolean,d4054f04-f7e6-43ac-8ddb-58a565c9bc1a,String,true,Boolean
acs:d4054f04-f7e6-43ac-8ddb-58a565c9bc1a_00000031-1b46-4993-c2e6-6f8ded7cff5f,,2026-09-07T10:21:10.724768Z,true,Boolean,d4054f04-f7e6-43ac-8ddb-58a565c9bc1a,String,true,Boolean
acs:d4054f04-f7e6-43ac-8ddb-58a565c9bc1a_00000031-1b46-4ad0-c2e6-6f8ded7cff60,,2026-09-07T10:21:10.724768Z,true,Boolean,d4054f04-f7e6-43ac-8ddb-58a565c9bc1a,String,true,Boolean
acs:d4054f04-f7e6-43ac-8ddb-58a565c9bc1a_00000031-1b46-4c10-c2e6-6f8ded7cff61,,2026-09-07T10:21:10.724768Z,true,Boolean,d4054f04-f7e6-43ac-8ddb-58a565c9bc1a,String,true,Boolean
acs:d4054f04-f7e6-43ac-8ddb-58a565c9bc1a_00000031-1b46-4d50-c2e6-6f8ded7cff62,,2026-09-07T10:21:10.724768Z,true,Boolean,d4054f04-f7e6-43ac-8ddb-58a565c9bc1a,String,true,Boolean
acs:d4054f04-f7e6-43ac-8ddb-58a565c9bc1a_00000031-1b46-4e90-c2e6-6f8ded7cff63,,2026-09-07T10:21:10.724768Z,true,Boolean,d4054f04-f7e6-43ac-8ddb-58a565c9bc1a,String,true,Boolean
acs:d4054f04-f7e6-43ac-8ddb-58a565c9bc1a_00000031-1b46-4fce-c2e6-6f8ded7cff64,,2026-09-07T10:21:10.724768Z,true,Boolean,d4054f04-f7e6-43ac-8ddb-58a565c9bc1a,String,true,Boolean
acs:d4054f04-f7e6-43ac-8ddb-58a565c9bc1a_00000031-1b46-510b-c2e6-6f8ded7cff65,,2026-09-07T10:21:10.724768Z,true,Boolean,d4054f04-f7e6-43ac-8ddb-58a565c9bc1a,String,true,Boolean
acs:d4054f04-f7e6-43ac-8ddb-58a565c9bc1a_00000031-1b46-5245-c2e6-6f8ded7cff66,,2026-09-07T10:21:10.724768Z,true,Boolean,d4054f04-f7e6-43ac-8ddb-58a565c9bc1a,String,true,Boolean
acs:d4054f04-f7e6-43ac-8ddb-58a565c9bc1a_00000031-1b46-5380-c2e6-6f8ded7cff67,,2026-09-07T10:21:10.724768Z,true,Boolean,d4054f04-f7e6-43ac-8ddb-58a565c9bc1a,String,true,Boolean
acs:d4054f04-f7e6-43ac-8ddb-58a565c9bc1a_00000031-1b46-54c0-c2e6-6f8ded7cff68,,2026-09-07T10:21:10.724768Z,true,Boolean,d4054f04-f7e6-43ac-8ddb-58a565c9bc1a,String,true,Boolean
acs:d4054f04-f7e6-43ac-8ddb-58a565c9bc1a_00000031-1b46-561a-c2e6-6f8ded7cff69,,2026-09-07T10:21:10.724768Z,true,Boolean,d4054f04-f7e6-43ac-8ddb-58a565c9bc1a,String,true,Boolean
acs:d4054f04-f7e6-43ac-8ddb-58a565c9bc1a_00000031-1b46-5773-c2e6-6f8ded7cff6a,,2026-09-07T10:21:10.724768Z,true,Boolean,d4054f04-f7e6-43ac-8ddb-58a565c9bc1a,String,true,Boolean
acs:d4054f04-f7e6-43ac-8ddb-58a565c9bc1a_00000031-1b46-58ae-c2e6-6f8ded7cff6b,,2026-09-07T10:21:10.724768Z,true,Boolean,d4054f04-f7e6-43ac-8ddb-58a565c9bc1a,String,true,Boolean
acs:d4054f04-f7e6-43ac-8ddb-58a565c9bc1a_00000031-1b46-59e7-c2e6-6f8ded7cff6c,,2026-09-07T10:21:10.724768Z,true,Boolean,d4054f04-f7e6-43ac-8ddb-58a565c9bc1a,String,true,Boolean
acs:d4054f04-f7e6-43ac-8ddb-58a565c9bc1a_00000031-1b46-5b20-c2e6-6f8ded7cff6d,,2026-09-07T10:21:10.724768Z,true,Boolean,d4054f04-f7e6-43ac-8ddb-58a565c9bc1a,String,true,Boolean
acs:d4054f04-f7e6-43ac-8ddb-58a565c9bc1a_00000031-1b46-5c60-c2e6-6f8ded7cff6e,,2026-09-07T10:21:10.724768Z,true,Boolean,d4054f04-f7e6-43ac-8ddb-58a565c9bc1a,String,true,Boolean
acs:d4054f04-f7e6-43ac-8ddb-58a565c9bc1a_00000031-1b46-5d9b-c2e6-6f8ded7cff6f,,2026-09-07T10:21:10.724768Z,true,Boolean,d4054f04-f7e6-43ac-8ddb-58a565c9bc1a,String,true,Boolean
acs:d4054f04-f7e6-43ac-8ddb-58a565c9bc1a_00000031-1b46-5ed7-c2e6-6f8ded7cff70,,2026-09-07T10:21:10.724768Z,true,Boolean,d4054f04-f7e6-43ac-8ddb-58a565c9bc1a,String,true,Boolean
acs:d4054f04-f7e6-43ac-8ddb-58a565c9bc1a_00000031-1b46-6018-c2e6-6f8ded7cff71,,2026-09-07T10:21:10.724768Z,true,Boolean,d4054f04-f7e6-43ac-8ddb-58a565c9bc1a,String,true,Boolean
acs:d4054f04-f7e6-43ac-8ddb-58a565c9bc1a_00000031-1b46-6158-c2e6-6f8ded7cff72,,2026-09-07T10:21:10.724768Z,true,Boolean,d4054f04-f7e6-43ac-8ddb-58a565c9bc1a,String,true,Boolean
acs:d4054f04-f7e6-43ac-8ddb-58a565c9bc1a_00000031-1b46-6295-c2e6-6f8ded7cff73,,2026-09-07T10:21:10.724768Z,true,Boolean,d4054f04-f7e6-43ac-8ddb-58a565c9bc1a,String,true,Boolean
acs:d4054f04-f7e6-43ac-8ddb-58a565c9bc1a_00000031-1b46-63d3-c2e6-6f8ded7cff74,,2026-09-07T10:21:10.724768Z,true,Boolean,d4054f04-f7e6-43ac-8ddb-58a565c9bc1a,String,true,Boolean
acs:d4054f04-f7e6-43ac-8ddb-58a565c9bc1a_00000031-1b46-6510-c2e6-6f8ded7cff75,,2026-09-07T10:21:10.724768Z,true,Boolean,d4054f04-f7e6-43ac-8ddb-58a565c9bc1a,String,true,Boolean
acs:d4054f04-f7e6-43ac-8ddb-58a565c9bc1a_00000031-1b46-664b-c2e6-6f8ded7cff76,,2026-09-07T10:21:10.724768Z,true,Boolean,d4054f04-f7e6-43ac-8ddb-58a565c9bc1a,String,true,Boolean
acs:d4054f04-f7e6-43ac-8ddb-58a565c9bc1a_00000031-1b46-6787-c2e6-6f8ded7cff77,,2026-09-07T10:21:10.724768Z,true,Boolean,d4054f04-f7e6-43ac-8ddb-58a565c9bc1a,String,true,Boolean
acs:d4054f04-f7e6-43ac-8ddb-58a565c9bc1a_00000031-1b46-68c7-c2e6-6f8ded7cff78,,2026-09-07T10:21:10.724768Z,true,Boolean,d4054f04-f7e6-43ac-8ddb-58a565c9bc1a,String,true,Boolean
acs:d4054f04-f7e6-43ac-8ddb-58a565c9bc1a_00000031-1b46-6a1a-c2e6-6f8ded7cff79,,2026-09-07T10:21:10.724768Z,true,Boolean,d4054f04-f7e6-43ac-8ddb-58a565c9bc1a,String,true,Boolean
acs:d4054f04-f7e6-43ac-8ddb-58a565c9bc1a_00000031-1b46-6b8a-c2e6-6f8ded7cff7a,,2026-09-07T10:21:10.724768Z,true,Boolean,d4054f04-f7e6-43ac-8ddb-58a565c9bc1a,String,true,Boolean
acs:d4054f04-f7e6-43ac-8ddb-58a565c9bc1a_00000031-1b46-6cda-c2e6-6f8ded7cff7b,,2026-09-07T10:21:10.724768Z,true,Boolean,d4054f04-f7e6-43ac-8ddb-58a565c9bc1a,String,true,Boolean
acs:d4054f04-f7e6-43ac-8ddb-58a565c9bc1a_00000031-1b46-6e15-c2e6-6f8ded7cff7c,,2026-09-07T10:21:10.724768Z,true,Boolean,d4054f04-f7e6-43ac-8ddb-58a565c9bc1a,String,true,Boolean
acs:d4054f04-f7e6-43ac-8ddb-58a565c9bc1a_00000031-1b46-6f57-c2e6-6f8ded7cff7d,,2026-09-07T10:21:10.724768Z,true,Boolean,d4054f04-f7e6-43ac-8ddb-58a565c9bc1a,String,true,Boolean
acs:d4054f04-f7e6-43ac-8ddb-58a565c9bc1a_00000031-1b46-7093-c2e6-6f8ded7cff7e,,2026-09-07T10:21:10.724768Z,true,Boolean,d4054f04-f7e6-43ac-8ddb-58a565c9bc1a,String,true,Boolean
acs:d4054f04-f7e6-43ac-8ddb-58a565c9bc1a_00000031-1b46-71d4-c2e6-6f8ded7cff7f,,2026-09-07T10:21:10.724768Z,true,Boolean,d4054f04-f7e6-43ac-8ddb-58a565c9bc1a,String,true,Boolean
acs:d4054f04-f7e6-43ac-8ddb-58a565c9bc1a_00000031-1b46-7475-3eee-6f8ded7c0651,,2026-09-07T10:21:10.724768Z,true,Boolean,d4054f04-f7e6-43ac-8ddb-58a565c9bc1a,String,true,Boolean
acs:d4054f04-f7e6-43ac-8ddb-58a565c9bc1a_00000031-1b46-7606-3eee-6f8ded7c0652,,2026-09-07T10:21:10.724768Z,true,Boolean,d4054f04-f7e6-43ac-8ddb-58a565c9bc1a,String,true,Boolean
acs:d4054f04-f7e6-43ac-8ddb-58a565c9bc1a_00000031-1b46-7746-3eee-6f8ded7c0653,,2026-09-07T10:21:10.724768Z,true,Boolean,d4054f04-f7e6-43ac-8ddb-58a565c9bc1a,String,true,Boolean
acs:d4054f04-f7e6-43ac-8ddb-58a565c9bc1a_00000031-1b46-788d-3eee-6f8ded7c0654,,2026-09-07T10:21:10.724768Z,true,Boolean,d4054f04-f7e6-43ac-8ddb-58a565c9bc1a,String,true,Boolean
acs:d4054f04-f7e6-43ac-8ddb-58a565c9bc1a_00000031-1b46-79f0-3eee-6f8ded7c0655,,2026-09-07T10:21:10.724768Z,true,Boolean,d4054f04-f7e6-43ac-8ddb-58a565c9bc1a,String,true,Boolean
acs:d4054f04-f7e6-43ac-8ddb-58a565c9bc1a_00000031-1b46-7b3c-3eee-6f8ded7c0656,,2026-09-07T10:21:10.724768Z,true,Boolean,d4054f04-f7e6-43ac-8ddb-58a565c9bc1a,String,true,Boolean
acs:d4054f04-f7e6-43ac-8ddb-58a565c9bc1a_00000031-1b46-7cef-dfe0-6f8ded7c017f,,2026-09-07T10:21:10.724768Z,true,Boolean,d4054f04-f7e6-43ac-8ddb-58a565c9bc1a,String,true,Boolean
acs:d4054f04-f7e6-43ac-8ddb-58a565c9bc1a_00000031-1b46-7e2f-b8a9-5c3a0d0009ba,,2026-09-07T10:21:10.724768Z,true,Boolean,d4054f04-f7e6-43ac-8ddb-58a565c9bc1a,String,true,Boolean
acs:d4054f04-f7e6-43ac-8ddb-58a565c9bc1a_00000031-1b46-7f70-b8a9-5c3a0d0009bb,,2026-09-07T10:21:10.724768Z,true,Boolean,d4054f04-f7e6-43ac-8ddb-58a565c9bc1a,String,true,Boolean
acs:d4054f04-f7e6-43ac-8ddb-58a565c9bc1a_00000031-1b46-80b5-dfe0-6f8ded7c0180,,2026-09-07T10:21:10.724768Z,true,Boolean,d4054f04-f7e6-43ac-8ddb-58a565c9bc1a,String,true,Boolean
acs:d4054f04-f7e6-43ac-8ddb-58a565c9bc1a_00000031-1b46-81f5-b8a9-5c3a0d0009bc,,2026-09-07T10:21:10.724768Z,true,Boolean,d4054f04-f7e6-43ac-8ddb-58a565c9bc1a,String,true,Boolean
acs:d4054f04-f7e6-43ac-8ddb-58a565c9bc1a_00000031-1b46-832f-b8a9-5c3a0d0009be,,2026-09-07T10:21:10.724768Z,true,Boolean,d4054f04-f7e6-43ac-8ddb-58a565c9bc1a,String,true,Boolean
acs:d4054f04-f7e6-43ac-8ddb-58a565c9bc1a_00000031-1b46-84c2-b8a9-5c3a0d0009bf,,2026-09-07T10:21:10.724768Z,true,Boolean,d4054f04-f7e6-43ac-8ddb-58a565c9bc1a,String,true,Boolean
acs:d4054f04-f7e6-43ac-8ddb-58a565c9bc1a_00000031-1b46-85ff-dfe0-6f8ded7c0182,,2026-09-07T10:21:10.724768Z,true,Boolean,d4054f04-f7e6-43ac-8ddb-58a565c9bc1a,String,true,Boolean
acs:d4054f04-f7e6-43ac-8ddb-58a565c9bc1a_00000031-1b46-873d-b8a9-5c3a0d0009c0,,2026-09-07T10:21:10.724768Z,true,Boolean,d4054f04-f7e6-43ac-8ddb-58a565c9bc1a,String,true,Boolean
acs:d4054f04-f7e6-43ac-8ddb-58a565c9bc1a_00000031-1b46-8884-b8a9-5c3a0d0009c1,,2026-09-07T10:21:10.724768Z,true,Boolean,d4054f04-f7e6-43ac-8ddb-58a565c9bc1a,String,true,Boolean
acs:d4054f04-f7e6-43ac-8ddb-58a565c9bc1a_00000031-1b46-89c3-dfe0-6f8ded7c0183,,2026-09-07T10:21:10.724768Z,true,Boolean,d4054f04-f7e6-43ac-8ddb-58a565c9bc1a,String,true,Boolean
acs:d4054f04-f7e6-43ac-8ddb-58a565c9bc1a_00000031-1b46-8b06-dfe0-6f8ded7c0184,,2026-09-07T10:21:10.724768Z,true,Boolean,d4054f04-f7e6-43ac-8ddb-58a565c9bc1a,String,true,Boolean
acs:d4054f04-f7e6-43ac-8ddb-58a565c9bc1a_00000031-1b46-8c4a-dfe0-6f8ded7c0185,,2026-09-07T10:21:10.724768Z,true,Boolean,d4054f04-f7e6-43ac-8ddb-58a565c9bc1a,String,true,Boolean
acs:d4054f04-f7e6-43ac-8ddb-58a565c9bc1a_00000031-1b46-8d8a-dfe0-6f8ded7c0186,,2026-09-07T10:21:10.724768Z,true,Boolean,d4054f04-f7e6-43ac-8ddb-58a565c9bc1a,String,true,Boolean
acs:d4054f04-f7e6-43ac-8ddb-58a565c9bc1a_00000031-1b46-8ec9-dfe0-6f8ded7c0187,,2026-09-07T10:21:10.724768Z,true,Boolean,d4054f04-f7e6-43ac-8ddb-58a565c9bc1a,String,true,Boolean
acs:d4054f04-f7e6-43ac-8ddb-58a565c9bc1a_00000031-1b46-9008-dfe0-6f8ded7c0188,,2026-09-07T10:21:10.724768Z,true,Boolean,d4054f04-f7e6-43ac-8ddb-58a565c9bc1a,String,true,Boolean
acs:d4054f04-f7e6-43ac-8ddb-58a565c9bc1a_00000031-1b46-9146-dfe0-6f8ded7c0189,,2026-09-07T10:21:10.724768Z,true,Boolean,d4054f04-f7e6-43ac-8ddb-58a565c9bc1a,String,true,Boolean
acs:d4054f04-f7e6-43ac-8ddb-58a565c9bc1a_00000031-1b46-9288-dfe0-6f8ded7c018a,,2026-09-07T10:21:10.724768Z,true,Boolean,d4054f04-f7e6-43ac-8ddb-58a565c9bc1a,String,true,Boolean
acs:d4054f04-f7e6-43ac-8ddb-58a565c9bc1a_00000031-1b46-93c8-dfe0-6f8ded7c018b,,2026-09-07T10:21:10.724768Z,true,Boolean,d4054f04-f7e6-43ac-8ddb-58a565c9bc1a,String,true,Boolean
acs:d4054f04-f7e6-43ac-8ddb-58a565c9bc1a_00000031-1b46-950e-dfe0-6f8ded7c018c,,2026-09-07T10:21:10.724768Z,true,Boolean,d4054f04-f7e6-43ac-8ddb-58a565c9bc1a,String,true,Boolean
acs:d4054f04-f7e6-43ac-8ddb-58a565c9bc1a_00000031-1b46-964e-dfe0-6f8ded7c018d,,2026-09-07T10:21:10.724768Z,true,Boolean,d4054f04-f7e6-43ac-8ddb-58a565c9bc1a,String,true,Boolean
acs:d4054f04-f7e6-43ac-8ddb-58a565c9bc1a_00000031-1b46-9793-dfe0-6f8ded7c018e,,2026-09-07T10:21:10.724768Z,true,Boolean,d4054f04-f7e6-43ac-8ddb-58a565c9bc1a,String,true,Boolean
acs:d4054f04-f7e6-43ac-8ddb-58a565c9bc1a_00000031-1b46-98d4-dfe0-6f8ded7c018f,,2026-09-07T10:21:10.724768Z,true,Boolean,d4054f04-f7e6-43ac-8ddb-58a565c9bc1a,String,true,Boolean
acs:d4054f04-f7e6-43ac-8ddb-58a565c9bc1a_00000031-1b46-9a15-dfe0-6f8ded7c0190,,2026-09-07T10:21:10.724768Z,true,Boolean,d4054f04-f7e6-43ac-8ddb-58a565c9bc1a,String,true,Boolean
acs:d4054f04-f7e6-43ac-8ddb-58a565c9bc1a_00000031-1b46-9b55-dfe0-6f8ded7c0191,,2026-09-07T10:21:10.724768Z,true,Boolean,d4054f04-f7e6-43ac-8ddb-58a565c9bc1a,String,true,Boolean
acs:d4054f04-f7e6-43ac-8ddb-58a565c9bc1a_00000031-1b46-9c93-dfe0-6f8ded7c0192,,2026-09-07T10:21:10.724768Z,true,Boolean,d4054f04-f7e6-43ac-8ddb-58a565c9bc1a,String,true,Boolean
acs:d4054f04-f7e6-43ac-8ddb-58a565c9bc1a_00000031-1b46-9dd8-dfe0-6f8ded7c0193,,2026-09-07T10:21:10.724768Z,true,Boolean,d4054f04-f7e6-43ac-8ddb-58a565c9bc1a,String,true,Boolean
acs:d4054f04-f7e6-43ac-8ddb-58a565c9bc1a_00000031-1b46-9f19-dfe0-6f8ded7c0194,,2026-09-07T10:21:10.724768Z,true,Boolean,d4054f04-f7e6-43ac-8ddb-58a565c9bc1a,String,true,Boolean
acs:d4054f04-f7e6-43ac-8ddb-58a565c9bc1a_00000031-1b46-a05a-dfe0-6f8ded7c0196,,2026-09-07T10:21:10.724768Z,true,Boolean,d4054f04-f7e6-43ac-8ddb-58a565c9bc1a,String,true,Boolean
acs:d4054f04-f7e6-43ac-8ddb-58a565c9bc1a_00000031-1b46-a1ac-dfe0-6f8ded7c0197,,2026-09-07T10:21:10.724768Z,true,Boolean,d4054f04-f7e6-43ac-8ddb-58a565c9bc1a,String,true,Boolean
acs:d4054f04-f7e6-43ac-8ddb-58a565c9bc1a_00000031-1b46-a35a-161d-00bd456004e5,,2026-09-07T10:21:10.724768Z,true,Boolean,d4054f04-f7e6-43ac-8ddb-58a565c9bc1a,String,true,Boolean
acs:d4054f04-f7e6-43ac-8ddb-58a565c9bc1a_00000031-1b46-a49e-161d-00bd456004e6,,2026-09-07T10:21:10.724768Z,true,Boolean,d4054f04-f7e6-43ac-8ddb-58a565c9bc1a,String,true,Boolean
acs:d4054f04-f7e6-43ac-8ddb-58a565c9bc1a_00000031-1b46-a5fc-161d-00bd456004e7,,2026-09-07T10:21:10.724768Z,true,Boolean,d4054f04-f7e6-43ac-8ddb-58a565c9bc1a,String,true,Boolean
acs:d4054f04-f7e6-43ac-8ddb-58a565c9bc1a_00000031-1b46-a739-161d-00bd456004e8,,2026-09-07T10:21:10.724768Z,true,Boolean,d4054f04-f7e6-43ac-8ddb-58a565c9bc1a,String,true,Boolean
acs:d4054f04-f7e6-43ac-8ddb-58a565c9bc1a_00000031-1b46-a891-161d-00bd456004e9,,2026-09-07T10:21:10.724768Z,true,Boolean,d4054f04-f7e6-43ac-8ddb-58a565c9bc1a,String,true,Boolean
acs:d4054f04-f7e6-43ac-8ddb-58a565c9bc1a_00000031-1b46-a9da-161d-00bd456004ea,,2026-09-07T10:21:10.724768Z,true,Boolean,d4054f04-f7e6-43ac-8ddb-58a565c9bc1a,String,true,Boolean
acs:d4054f04-f7e6-43ac-8ddb-58a565c9bc1a_00000031-1b46-ab15-161d-00bd456004eb,,2026-09-07T10:21:10.724768Z,true,Boolean,d4054f04-f7e6-43ac-8ddb-58a565c9bc1a,String,true,Boolean
acs:d4054f04-f7e6-43ac-8ddb-58a565c9bc1a_00000031-1b46-ac4f-efe6-6f8ded7c09c2,,2026-09-07T10:21:10.724768Z,true,Boolean,d4054f04-f7e6-43ac-8ddb-58a565c9bc1a,String,true,Boolean
acs:d4054f04-f7e6-43ac-8ddb-58a565c9bc1a_00000031-1b46-ada1-efe6-6f8ded7c09c3,,2026-09-07T10:21:10.724768Z,true,Boolean,d4054f04-f7e6-43ac-8ddb-58a565c9bc1a,String,true,Boolean
acs:d4054f04-f7e6-43ac-8ddb-58a565c9bc1a_00000031-1b46-aede-efe6-6f8ded7c09c4,,2026-09-07T10:21:10.724768Z,true,Boolean,d4054f04-f7e6-43ac-8ddb-58a565c9bc1a,String,true,Boolean
acs:d4054f04-f7e6-43ac-8ddb-58a565c9bc1a_00000031-1b46-b01c-efe6-6f8ded7c09c5,,2026-09-07T10:21:10.724768Z,true,Boolean,d4054f04-f7e6-43ac-8ddb-58a565c9bc1a,String,true,Boolean
acs:d4054f04-f7e6-43ac-8ddb-58a565c9bc1a_00000031-1b46-b17a-efe6-6f8ded7c09c6,,2026-09-07T10:21:10.724768Z,true,Boolean,d4054f04-f7e6-43ac-8ddb-58a565c9bc1a,String,true,Boolean
acs:d4054f04-f7e6-43ac-8ddb-58a565c9bc1a_00000031-1b46-b2f4-efe6-6f8ded7c09c7,,2026-09-07T10:21:10.724768Z,true,Boolean,d4054f04-f7e6-43ac-8ddb-58a565c9bc1a,String,true,Boolean
acs:d4054f04-f7e6-43ac-8ddb-58a565c9bc1a_00000031-1b46-b430-efe6-6f8ded7c09c8,,2026-09-07T10:21:10.724768Z,true,Boolean,d4054f04-f7e6-43ac-8ddb-58a565c9bc1a,String,true,Boolean
acs:d4054f04-f7e6-43ac-8ddb-58a565c9bc1a_00000031-1b46-b56b-efe6-6f8ded7c09c9,,2026-09-07T10:21:10.724768Z,true,Boolean,d4054f04-f7e6-43ac-8ddb-58a565c9bc1a,String,true,Boolean
acs:d4054f04-f7e6-43ac-8ddb-58a565c9bc1a_00000031-1b46-b6a9-efe6-6f8ded7c09ca,,2026-09-07T10:21:10.724768Z,true,Boolean,d4054f04-f7e6-43ac-8ddb-58a565c9bc1a,String,true,Boolean
acs:d4054f04-f7e6-43ac-8ddb-58a565c9bc1a_00000031-1b46-b7e6-efe6-6f8ded7c09cb,,2026-09-07T10:21:10.724768Z,true,Boolean,d4054f04-f7e6-43ac-8ddb-58a565c9bc1a,String,true,Boolean
acs:d4054f04-f7e6-43ac-8ddb-58a565c9bc1a_00000031-1b46-b921-161d-00bd456004ed,,2026-09-07T10:21:10.724768Z,true,Boolean,d4054f04-f7e6-43ac-8ddb-58a565c9bc1a,String,true,Boolean
acs:d4054f04-f7e6-43ac-8ddb-58a565c9bc1a_00000031-1b46-ba60-161d-00bd456004ee,,2026-09-07T10:21:10.724768Z,true,Boolean,d4054f04-f7e6-43ac-8ddb-58a565c9bc1a,String,true,Boolean
acs:d4054f04-f7e6-43ac-8ddb-58a565c9bc1a_00000031-1b46-bb9c-161d-00bd456004ef,,2026-09-07T10:21:10.724768Z,true,Boolean,d4054f04-f7e6-43ac-8ddb-58a565c9bc1a,String,true,Boolean
acs:d4054f04-f7e6-43ac-8ddb-58a565c9bc1a_00000031-1b46-bcd8-161d-00bd456004f0,,2026-09-07T10:21:10.724768Z,true,Boolean,d4054f04-f7e6-43ac-8ddb-58a565c9bc1a,String,true,Boolean
acs:d4054f04-f7e6-43ac-8ddb-58a565c9bc1a_00000031-1b46-be30-161d-00bd456004f1,,2026-09-07T10:21:10.724768Z,true,Boolean,d4054f04-f7e6-43ac-8ddb-58a565c9bc1a,String,true,Boolean
acs:d4054f04-f7e6-43ac-8ddb-58a565c9bc1a_00000031-1b46-bf71-efe6-6f8ded7c09ce,,2026-09-07T10:21:10.724768Z,true,Boolean,d4054f04-f7e6-43ac-8ddb-58a565c9bc1a,String,true,Boolean
acs:d4054f04-f7e6-43ac-8ddb-58a565c9bc1a_00000031-1b46-c0ac-efe6-6f8ded7c09cf,,2026-09-07T10:21:10.724768Z,true,Boolean,d4054f04-f7e6-43ac-8ddb-58a565c9bc1a,String,true,Boolean
acs:d4054f04-f7e6-43ac-8ddb-58a565c9bc1a_00000031-1b46-c1e7-efe6-6f8ded7c09d0,,2026-09-07T10:21:10.724768Z,true,Boolean,d4054f04-f7e6-43ac-8ddb-58a565c9bc1a,String,true,Boolean
acs:d4054f04-f7e6-43ac-8ddb-58a565c9bc1a_00000031-1b46-c324-efe6-6f8ded7c09d1,,2026-09-07T10:21:10.724768Z,true,Boolean,d4054f04-f7e6-43ac-8ddb-58a565c9bc1a,String,true,Boolean
acs:d4054f04-f7e6-43ac-8ddb-58a565c9bc1a_00000031-1b46-c463-efe6-6f8ded7c09d2,,2026-09-07T10:21:10.724768Z,true,Boolean,d4054f04-f7e6-43ac-8ddb-58a565c9bc1a,String,true,Boolean
acs:d4054f04-f7e6-43ac-8ddb-58a565c9bc1a_00000031-1b46-c59f-efe6-6f8ded7c09d3,,2026-09-07T10:21:10.724768Z,true,Boolean,d4054f04-f7e6-43ac-8ddb-58a565c9bc1a,String,true,Boolean
acs:d4054f04-f7e6-43ac-8ddb-58a565c9bc1a_00000031-1b46-c6db-efe6-6f8ded7c09d4,,2026-09-07T10:21:10.724768Z,true,Boolean,d4054f04-f7e6-43ac-8ddb-58a565c9bc1a,String,true,Boolean
acs:d4054f04-f7e6-43ac-8ddb-58a565c9bc1a_00000031-1b46-c81a-efe6-6f8ded7c09d5,,2026-09-07T10:21:10.724768Z,true,Boolean,d4054f04-f7e6-43ac-8ddb-58a565c9bc1a,String,true,Boolean
acs:d4054f04-f7e6-43ac-8ddb-58a565c9bc1a_00000031-1b46-c958-efe6-6f8ded7c09d6,,2026-09-07T10:21:10.724768Z,true,Boolean,d4054f04-f7e6-43ac-8ddb-58a565c9bc1a,String,true,Boolean
acs:d4054f04-f7e6-43ac-8ddb-58a565c9bc1a_00000031-1b46-ca96-efe6-6f8ded7c09d7,,2026-09-07T10:21:10.724768Z,true,Boolean,d4054f04-f7e6-43ac-8ddb-58a565c9bc1a,String,true,Boolean
acs:d4054f04-f7e6-43ac-8ddb-58a565c9bc1a_00000031-1b46-cbd5-efe6-6f8ded7c09d8,,2026-09-07T10:21:10.724768Z,true,Boolean,d4054f04-f7e6-43ac-8ddb-58a565c9bc1a,String,true,Boolean
acs:d4054f04-f7e6-43ac-8ddb-58a565c9bc1a_00000031-1b46-cd53-efe6-6f8ded7c09db,,2026-09-07T10:21:10.724768Z,true,Boolean,d4054f04-f7e6-43ac-8ddb-58a565c9bc1a,String,true,Boolean
acs:d4054f04-f7e6-43ac-8ddb-58a565c9bc1a_00000031-1b46-ce91-efe6-6f8ded7c09dd,,2026-09-07T10:21:10.724768Z,true,Boolean,d4054f04-f7e6-43ac-8ddb-58a565c9bc1a,String,true,Boolean
acs:d4054f04-f7e6-43ac-8ddb-58a565c9bc1a_00000031-1b46-d02b-efe6-6f8ded7c09de,,2026-09-07T10:21:10.724768Z,true,Boolean,d4054f04-f7e6-43ac-8ddb-58a565c9bc1a,String,true,Boolean
acs:d4054f04-f7e6-43ac-8ddb-58a565c9bc1a_00000031-1b46-d16b-efe6-6f8ded7c09df,,2026-09-07T10:21:10.724768Z,true,Boolean,d4054f04-f7e6-43ac-8ddb-58a565c9bc1a,String,true,Boolean
acs:d4054f04-f7e6-43ac-8ddb-58a565c9bc1a_00000031-1b46-d2a6-efe6-6f8ded7c09e0,,2026-09-07T10:21:10.724768Z,true,Boolean,d4054f04-f7e6-43ac-8ddb-58a565c9bc1a,String,true,Boolean
acs:d4054f04-f7e6-43ac-8ddb-58a565c9bc1a_00000031-1b46-d412-efe6-6f8ded7c09e1,,2026-09-07T10:21:10.724768Z,true,Boolean,d4054f04-f7e6-43ac-8ddb-58a565c9bc1a,String,true,Boolean
acs:d4054f04-f7e6-43ac-8ddb-58a565c9bc1a_00000031-1b46-d592-efe6-6f8ded7c09e2,,2026-09-07T10:21:10.724768Z,true,Boolean,d4054f04-f7e6-43ac-8ddb-58a565c9bc1a,String,true,Boolean
acs:d4054f04-f7e6-43ac-8ddb-58a565c9bc1a_00000031-1b46-d6ce-efe6-6f8ded7c09e3,,2026-09-07T10:21:10.724768Z,true,Boolean,d4054f04-f7e6-43ac-8ddb-58a565c9bc1a,String,true,Boolean
acs:d4054f04-f7e6-43ac-8ddb-58a565c9bc1a_00000031-1b46-d809-efe6-6f8ded7c09e4,,2026-09-07T10:21:10.724768Z,true,Boolean,d4054f04-f7e6-43ac-8ddb-58a565c9bc1a,String,true,Boolean
acs:d4054f04-f7e6-43ac-8ddb-58a565c9bc1a_00000031-1b46-d948-efe6-6f8ded7c09e5,,2026-09-07T10:21:10.724768Z,true,Boolean,d4054f04-f7e6-43ac-8ddb-58a565c9bc1a,String,true,Boolean
acs:d4054f04-f7e6-43ac-8ddb-58a565c9bc1a_00000031-1b46-da88-efe6-6f8ded7c09e6,,2026-09-07T10:21:10.724768Z,true,Boolean,d4054f04-f7e6-43ac-8ddb-58a565c9bc1a,String,true,Boolean
acs:d4054f04-f7e6-43ac-8ddb-58a565c9bc1a_00000031-1b46-dbc5-efe6-6f8ded7c09e8,,2026-09-07T10:21:10.724768Z,true,Boolean,d4054f04-f7e6-43ac-8ddb-58a565c9bc1a,String,true,Boolean
acs:d4054f04-f7e6-43ac-8ddb-58a565c9bc1a_00000031-1b46-dd06-efe6-6f8ded7c09ea,,2026-09-07T10:21:10.724768Z,true,Boolean,d4054f04-f7e6-43ac-8ddb-58a565c9bc1a,String,true,Boolean
acs:d4054f04-f7e6-43ac-8ddb-58a565c9bc1a_00000031-1b46-de45-efe6-6f8ded7c09ec,,2026-09-07T10:21:10.724768Z,true,Boolean,d4054f04-f7e6-43ac-8ddb-58a565c9bc1a,String,true,Boolean
acs:d4054f04-f7e6-43ac-8ddb-58a565c9bc1a_00000031-1b46-df83-efe6-6f8ded7c09ed,,2026-09-07T10:21:10.724768Z,true,Boolean,d4054f04-f7e6-43ac-8ddb-58a565c9bc1a,String,true,Boolean
acs:d4054f04-f7e6-43ac-8ddb-58a565c9bc1a_00000031-1b46-e0c3-efe6-6f8ded7c09ee,,2026-09-07T10:21:10.724768Z,true,Boolean,d4054f04-f7e6-43ac-8ddb-58a565c9bc1a,String,true,Boolean
acs:d4054f04-f7e6-43ac-8ddb-58a565c9bc1a_00000031-1b46-e200-efe6-6f8ded7c09ef,,2026-09-07T10:21:10.724768Z,true,Boolean,d4054f04-f7e6-43ac-8ddb-58a565c9bc1a,String,true,Boolean
acs:d4054f04-f7e6-43ac-8ddb-58a565c9bc1a_00000031-1b46-e33a-efe6-6f8ded7c09f0,,2026-09-07T10:21:10.724768Z,true,Boolean,d4054f04-f7e6-43ac-8ddb-58a565c9bc1a,String,true,Boolean
acs:d4054f04-f7e6-43ac-8ddb-58a565c9bc1a_00000031-1b46-e478-ee1c-00bd4560fd96,,2026-09-07T10:21:10.724768Z,true,Boolean,d4054f04-f7e6-43ac-8ddb-58a565c9bc1a,String,true,Boolean
acs:d4054f04-f7e6-43ac-8ddb-58a565c9bc1a_00000031-1b46-e5b6-ee1c-00bd4560fd97,,2026-09-07T10:21:10.724768Z,true,Boolean,d4054f04-f7e6-43ac-8ddb-58a565c9bc1a,String,true,Boolean
acs:d4054f04-f7e6-43ac-8ddb-58a565c9bc1a_00000031-1b46-e6f3-ee1c-00bd4560fd98,,2026-09-07T10:21:10.724768Z,true,Boolean,d4054f04-f7e6-43ac-8ddb-58a565c9bc1a,String,true,Boolean
acs:d4054f04-f7e6-43ac-8ddb-58a565c9bc1a_00000031-1b46-e88d-ee1c-00bd4560fd99,,2026-09-07T10:21:10.724768Z,true,Boolean,d4054f04-f7e6-43ac-8ddb-58a565c9bc1a,String,true,Boolean
acs:d4054f04-f7e6-43ac-8ddb-58a565c9bc1a_00000031-1b46-e9cc-ee1c-00bd4560fd9a,,2026-09-07T10:21:10.724768Z,true,Boolean,d4054f04-f7e6-43ac-8ddb-58a565c9bc1a,String,true,Boolean
acs:d4054f04-f7e6-43ac-8ddb-58a565c9bc1a_00000031-1b46-eb0f-ee1c-00bd4560fd9b,,2026-09-07T10:21:10.724768Z,true,Boolean,d4054f04-f7e6-43ac-8ddb-58a565c9bc1a,String,true,Boolean
acs:d4054f04-f7e6-43ac-8ddb-58a565c9bc1a_00000031-1b46-ec4e-ee1c-00bd4560fd9c,,2026-09-07T10:21:10.724768Z,true,Boolean,d4054f04-f7e6-43ac-8ddb-58a565c9bc1a,String,true,Boolean
acs:d4054f04-f7e6-43ac-8ddb-58a565c9bc1a_00000031-1b46-edb9-ee1c-00bd4560fd9d,,2026-09-07T10:21:10.724768Z,true,Boolean,d4054f04-f7e6-43ac-8ddb-58a565c9bc1a,String,true,Boolean
acs:d4054f04-f7e6-43ac-8ddb-58a565c9bc1a_00000031-1b46-eef9-ee1c-00bd4560fd9e,,2026-09-07T10:21:10.724768Z,true,Boolean,d4054f04-f7e6-43ac-8ddb-58a565c9bc1a,String,true,Boolean
acs:d4054f04-f7e6-43ac-8ddb-58a565c9bc1a_00000031-1b46-f03e-ee1c-00bd4560fd9f,,2026-09-07T10:21:10.724768Z,true,Boolean,d4054f04-f7e6-43ac-8ddb-58a565c9bc1a,String,true,Boolean
acs:d4054f04-f7e6-43ac-8ddb-58a565c9bc1a_00000031-1b46-f17d-ee1c-00bd4560fda0,,2026-09-07T10:21:10.724768Z,true,Boolean,d4054f04-f7e6-43ac-8ddb-58a565c9bc1a,String,true,Boolean
acs:d4054f04-f7e6-43ac-8ddb-58a565c9bc1a_00000031-1b46-f2be-ee1c-00bd4560fda1,,2026-09-07T10:21:10.724768Z,true,Boolean,d4054f04-f7e6-43ac-8ddb-58a565c9bc1a,String,true,Boolean
acs:d4054f04-f7e6-43ac-8ddb-58a565c9bc1a_00000031-1b46-f451-ee1c-00bd4560fda2,,2026-09-07T10:21:10.724768Z,true,Boolean,d4054f04-f7e6-43ac-8ddb-58a565c9bc1a,String,true,Boolean
acs:d4054f04-f7e6-43ac-8ddb-58a565c9bc1a_00000031-1b46-f594-ee1c-00bd4560fda3,,2026-09-07T10:21:10.724768Z,true,Boolean,d4054f04-f7e6-43ac-8ddb-58a565c9bc1a,String,true,Boolean
acs:d4054f04-f7e6-43ac-8ddb-58a565c9bc1a_00000031-1b46-f6d3-ee1c-00bd4560fda4,,2026-09-07T10:21:10.724768Z,true,Boolean,d4054f04-f7e6-43ac-8ddb-58a565c9bc1a,String,true,Boolean
acs:d4054f04-f7e6-43ac-8ddb-58a565c9bc1a_00000031-1b46-f812-ee1c-00bd4560fda5,,2026-09-07T10:21:10.724768Z,true,Boolean,d4054f04-f7e6-43ac-8ddb-58a565c9bc1a,String,true,Boolean
acs:d4054f04-f7e6-43ac-8ddb-58a565c9bc1a_00000031-1b46-f951-ee1c-00bd4560fda6,,2026-09-07T10:21:10.724768Z,true,Boolean,d4054f04-f7e6-43ac-8ddb-58a565c9bc1a,String,true,Boolean
acs:d4054f04-f7e6-43ac-8ddb-58a565c9bc1a_00000031-1b46-fa90-ee1c-00bd4560fda7,,2026-09-07T10:21:10.724768Z,true,Boolean,d4054f04-f7e6-43ac-8ddb-58a565c9bc1a,String,true,Boolean
acs:d4054f04-f7e6-43ac-8ddb-58a565c9bc1a_00000031-1b46-fbce-ee1c-00bd4560fda8,,2026-09-07T10:21:10.724768Z,true,Boolean,d4054f04-f7e6-43ac-8ddb-58a565c9bc1a,String,true,Boolean
acs:d4054f04-f7e6-43ac-8ddb-58a565c9bc1a_00000031-1b46-fd0a-ee1c-00bd4560fda9,,2026-09-07T10:21:10.724768Z,true,Boolean,d4054f04-f7e6-43ac-8ddb-58a565c9bc1a,String,true,Boolean
acs:d4054f04-f7e6-43ac-8ddb-58a565c9bc1a_00000031-1b46-fe47-ee1c-00bd4560fdaa,,2026-09-07T10:21:10.724768Z,true,Boolean,d4054f04-f7e6-43ac-8ddb-58a565c9bc1a,String,true,Boolean
acs:d4054f04-f7e6-43ac-8ddb-58a565c9bc1a_00000031-1b46-ff84-efe6-6f8ded7c09f2,,2026-09-07T10:21:10.724768Z,true,Boolean,d4054f04-f7e6-43ac-8ddb-58a565c9bc1a,String,true,Boolean
