{"Version":1,"ManifestType":"Publish","Endpoints":[{"Route":"audio/prompt.wav","AssetFile":"audio/prompt.wav","Selectors":[],"ResponseHeaders":[{"Name":"Accept-Ranges","Value":"bytes"},{"Name":"Cache-Control","Value":"no-cache"},{"Name":"Content-Length","Value":"137246"},{"Name":"Content-Type","Value":"audio/wav"},{"Name":"ETag","Value":"\"JKXSRFILq2jcd4SU4kN7i3Ij0z6tm1RDMnq0H1GOZas=\""},{"Name":"Last-Modified","Value":"Wed, 14 May 2025 05:36:33 GMT"}],"EndpointProperties":[{"Name":"integrity","Value":"sha256-JKXSRFILq2jcd4SU4kN7i3Ij0z6tm1RDMnq0H1GOZas="}]},{"Route":"audio/prompt.wbr6zi4j56.wav","AssetFile":"audio/prompt.wav","Selectors":[],"ResponseHeaders":[{"Name":"Accept-Ranges","Value":"bytes"},{"Name":"Cache-Control","Value":"max-age=31536000, immutable"},{"Name":"Content-Length","Value":"137246"},{"Name":"Content-Type","Value":"audio/wav"},{"Name":"ETag","Value":"\"JKXSRFILq2jcd4SU4kN7i3Ij0z6tm1RDMnq0H1GOZas=\""},{"Name":"Last-Modified","Value":"Wed, 14 May 2025 05:36:33 GMT"}],"EndpointProperties":[{"Name":"fingerprint","Value":"wbr6zi4j56"},{"Name":"integrity","Value":"sha256-JKXSRFILq2jcd4SU4kN7i3Ij0z6tm1RDMnq0H1GOZas="},{"Name":"label","Value":"audio/prompt.wav"}]},{"Route":"swagger-ui/GCCHSwagger.4bt7m1dyxo.html","AssetFile":"swagger-ui/GCCHSwagger.html","Selectors":[],"ResponseHeaders":[{"Name":"Accept-Ranges","Value":"bytes"},{"Name":"Cache-Control","Value":"max-age=31536000, immutable"},{"Name":"Content-Length","Value":"4229"},{"Name":"Content-Type","Value":"text/html"},{"Name":"ETag","Value":"\"4KXSSj1Bg0iNHinPWlyWb4lQI4A+nDqqO2zTyhgE1KI=\""},{"Name":"Last-Modified","Value":"Tue, 22 Jul 2025 09:44:22 GMT"}],"EndpointProperties":[{"Name":"fingerprint","Value":"4bt7m1dyxo"},{"Name":"integrity","Value":"sha256-4KXSSj1Bg0iNHinPWlyWb4lQI4A+nDqqO2zTyhgE1KI="},{"Name":"label","Value":"swagger-ui/GCCHSwagger.html"}]},{"Route":"swagger-ui/GCCHSwagger.html","AssetFile":"swagger-ui/GCCHSwagger.html","Selectors":[],"ResponseHeaders":[{"Name":"Accept-Ranges","Value":"bytes"},{"Name":"Cache-Control","Value":"no-cache"},{"Name":"Content-Length","Value":"4229"},{"Name":"Content-Type","Value":"text/html"},{"Name":"ETag","Value":"\"4KXSSj1Bg0iNHinPWlyWb4lQI4A+nDqqO2zTyhgE1KI=\""},{"Name":"Last-Modified","Value":"Tue, 22 Jul 2025 09:44:22 GMT"}],"EndpointProperties":[{"Name":"integrity","Value":"sha256-4KXSSj1Bg0iNHinPWlyWb4lQI4A+nDqqO2zTyhgE1KI="}]}]}